id,name,score,age
0,User0,80,20
1,User1,81,21
2,User2,82,22
3,User3,83,23
4,User4,84,24
5,User5,85,25
6,User6,86,26
7,User7,87,27
8,User8,88,28
9,User9,89,29
10,User10,90,30
11,User11,91,31
12,User12,92,32
13,User13,93,33
14,User14,94,34
15,User15,95,35
16,User16,96,36
17,User17,97,37
18,User18,98,38
19,User19,99,39
20,User20,100,40
21,User21,80,41
22,User22,81,42
23,User23,82,43
24,User24,83,44
25,User25,84,45
26,User26,85,46
27,User27,86,47
28,User28,87,48
29,User29,88,20
30,User30,89,21
31,User31,90,22
32,User32,91,23
33,User33,92,24
34,User34,93,25
35,User35,94,26
36,User36,95,27
37,User37,96,28
38,User38,97,29
39,User39,98,30
40,User40,99,31
41,User41,100,32
42,User42,80,33
43,User43,81,34
44,User44,82,35
45,User45,83,36
46,User46,84,37
47,User47,85,38
48,User48,86,39
49,User49,87,40
50,User50,88,41
51,User51,89,42
52,User52,90,43
53,User53,91,44
54,User54,92,45
55,User55,93,46
56,User56,94,47
57,User57,95,48
58,User58,96,20
59,User59,97,21
60,User60,98,22
61,User61,99,23
62,User62,100,24
63,User63,80,25
64,User64,81,26
65,User65,82,27
66,User66,83,28
67,User67,84,29
68,User68,85,30
69,User69,86,31
70,User70,87,32
71,User71,88,33
72,User72,89,34
73,User73,90,35
74,User74,91,36
75,User75,92,37
76,User76,93,38
77,User77,94,39
78,User78,95,40
79,User79,96,41
80,User80,97,42
81,User81,98,43
82,User82,99,44
83,User83,100,45
84,User84,80,46
85,User85,81,47
86,User86,82,48
87,User87,83,20
88,User88,84,21
89,User89,85,22
90,User90,86,23
91,User91,87,24
92,User92,88,25
93,User93,89,26
94,User94,90,27
95,User95,91,28
96,User96,92,29
97,User97,93,30
98,User98,94,31
99,User99,95,32
100,User100,96,33
101,User101,97,34
102,User102,98,35
103,User103,99,36
104,User104,100,37
105,User105,80,38
106,User106,81,39
107,User107,82,40
108,User108,83,41
109,User109,84,42
110,User110,85,43
111,User111,86,44
112,User112,87,45
113,User113,88,46
114,User114,89,47
115,User115,90,48
116,User116,91,20
117,User117,92,21
118,User118,93,22
119,User119,94,23
120,User120,95,24
121,User121,96,25
122,User122,97,26
123,User123,98,27
124,User124,99,28
125,User125,100,29
126,User126,80,30
127,User127,81,31
128,User128,82,32
129,User129,83,33
130,User130,84,34
131,User131,85,35
132,User132,86,36
133,User133,87,37
134,User134,88,38
135,User135,89,39
136,User136,90,40
137,User137,91,41
138,User138,92,42
139,User139,93,43
140,User140,94,44
141,User141,95,45
142,User142,96,46
143,User143,97,47
144,User144,98,48
145,User145,99,20
146,User146,100,21
147,User147,80,22
148,User148,81,23
149,User149,82,24
150,User150,83,25
151,User151,84,26
152,User152,85,27
153,User153,86,28
154,User154,87,29
155,User155,88,30
156,User156,89,31
157,User157,90,32
158,User158,91,33
159,User159,92,34
160,User160,93,35
161,User161,94,36
162,User162,95,37
163,User163,96,38
164,User164,97,39
165,User165,98,40
166,User166,99,41
167,User167,100,42
168,User168,80,43
169,User169,81,44
170,User170,82,45
171,User171,83,46
172,User172,84,47
173,User173,85,48
174,User174,86,20
175,User175,87,21
176,User176,88,22
177,User177,89,23
178,User178,90,24
179,User179,91,25
180,User180,92,26
181,User181,93,27
182,User182,94,28
183,User183,95,29
184,User184,96,30
185,User185,97,31
186,User186,98,32
187,User187,99,33
188,User188,100,34
189,User189,80,35
190,User190,81,36
191,User191,82,37
192,User192,83,38
193,User193,84,39
194,User194,85,40
195,User195,86,41
196,User196,87,42
197,User197,88,43
198,User198,89,44
199,User199,90,45
200,User200,91,46
201,User201,92,47
202,User202,93,48
203,User203,94,20
204,User204,95,21
205,User205,96,22
206,User206,97,23
207,User207,98,24
208,User208,99,25
209,User209,100,26
210,User210,80,27
211,User211,81,28
212,User212,82,29
213,User213,83,30
214,User214,84,31
215,User215,85,32
216,User216,86,33
217,User217,87,34
218,User218,88,35
219,User219,89,36
220,User220,90,37
221,User221,91,38
222,User222,92,39
223,User223,93,40
224,User224,94,41
225,User225,95,42
226,User226,96,43
227,User227,97,44
228,User228,98,45
229,User229,99,46
230,User230,100,47
231,User231,80,48
232,User232,81,20
233,User233,82,21
234,User234,83,22
235,User235,84,23
236,User236,85,24
237,User237,86,25
238,User238,87,26
239,User239,88,27
240,User240,89,28
241,User241,90,29
242,User242,91,30
243,User243,92,31
244,User244,93,32
245,User245,94,33
246,User246,95,34
247,User247,96,35
248,User248,97,36
249,User249,98,37
250,User250,99,38
251,User251,100,39
252,User252,80,40
253,User253,81,41
254,User254,82,42
255,User255,83,43
256,User256,84,44
257,User257,85,45
258,User258,86,46
259,User259,87,47
260,User260,88,48
261,User261,89,20
262,User262,90,21
263,User263,91,22
264,User264,92,23
265,User265,93,24
266,User266,94,25
267,User267,95,26
268,User268,96,27
269,User269,97,28
270,User270,98,29
271,User271,99,30
272,User272,100,31
273,User273,80,32
274,User274,81,33
275,User275,82,34
276,User276,83,35
277,User277,84,36
278,User278,85,37
279,User279,86,38
280,User280,87,39
281,User281,88,40
282,User282,89,41
283,User283,90,42
284,User284,91,43
285,User285,92,44
286,User286,93,45
287,User287,94,46
288,User288,95,47
289,User289,96,48
290,User290,97,20
291,User291,98,21
292,User292,99,22
293,User293,100,23
294,User294,80,24
295,User295,81,25
296,User296,82,26
297,User297,83,27
298,User298,84,28
299,User299,85,29
300,User300,86,30
301,User301,87,31
302,User302,88,32
303,User303,89,33
304,User304,90,34
305,User305,91,35
306,User306,92,36
307,User307,93,37
308,User308,94,38
309,User309,95,39
310,User310,96,40
311,User311,97,41
312,User312,98,42
313,User313,99,43
314,User314,100,44
315,User315,80,45
316,User316,81,46
317,User317,82,47
318,User318,83,48
319,User319,84,20
320,User320,85,21
321,User321,86,22
322,User322,87,23
323,User323,88,24
324,User324,89,25
325,User325,90,26
326,User326,91,27
327,User327,92,28
328,User328,93,29
329,User329,94,30
330,User330,95,31
331,User331,96,32
332,User332,97,33
333,User333,98,34
334,User334,99,35
335,User335,100,36
336,User336,80,37
337,User337,81,38
338,User338,82,39
339,User339,83,40
340,User340,84,41
341,User341,85,42
342,User342,86,43
343,User343,87,44
344,User344,88,45
345,User345,89,46
346,User346,90,47
347,User347,91,48
348,User348,92,20
349,User349,93,21
350,User350,94,22
351,User351,95,23
352,User352,96,24
353,User353,97,25
354,User354,98,26
355,User355,99,27
356,User356,100,28
357,User357,80,29
358,User358,81,30
359,User359,82,31
360,User360,83,32
361,User361,84,33
362,User362,85,34
363,User363,86,35
364,User364,87,36
365,User365,88,37
366,User366,89,38
367,User367,90,39
368,User368,91,40
369,User369,92,41
370,User370,93,42
371,User371,94,43
372,User372,95,44
373,User373,96,45
374,User374,97,46
375,User375,98,47
376,User376,99,48
377,User377,100,20
378,User378,80,21
379,User379,81,22
380,User380,82,23
381,User381,83,24
382,User382,84,25
383,User383,85,26
384,User384,86,27
385,User385,87,28
386,User386,88,29
387,User387,89,30
388,User388,90,31
389,User389,91,32
390,User390,92,33
391,User391,93,34
392,User392,94,35
393,User393,95,36
394,User394,96,37
395,User395,97,38
396,User396,98,39
397,User397,99,40
398,User398,100,41
399,User399,80,42
400,User400,81,43
401,User401,82,44
402,User402,83,45
403,User403,84,46
404,User404,85,47
405,User405,86,48
406,User406,87,20
407,User407,88,21
408,User408,89,22
409,User409,90,23
410,User410,91,24
411,User411,92,25
412,User412,93,26
413,User413,94,27
414,User414,95,28
415,User415,96,29
416,User416,97,30
417,User417,98,31
418,User418,99,32
419,User419,100,33
420,User420,80,34
421,User421,81,35
422,User422,82,36
423,User423,83,37
424,User424,84,38
425,User425,85,39
426,User426,86,40
427,User427,87,41
428,User428,88,42
429,User429,89,43
430,User430,90,44
431,User431,91,45
432,User432,92,46
433,User433,93,47
434,User434,94,48
435,User435,95,20
436,User436,96,21
437,User437,97,22
438,User438,98,23
439,User439,99,24
440,User440,100,25
441,User441,80,26
442,User442,81,27
443,User443,82,28
444,User444,83,29
445,User445,84,30
446,User446,85,31
447,User447,86,32
448,User448,87,33
449,User449,88,34
450,User450,89,35
451,User451,90,36
452,User452,91,37
453,User453,92,38
454,User454,93,39
455,User455,94,40
456,User456,95,41
457,User457,96,42
458,User458,97,43
459,User459,98,44
460,User460,99,45
461,User461,100,46
462,User462,80,47
463,User463,81,48
464,User464,82,20
465,User465,83,21
466,User466,84,22
467,User467,85,23
468,User468,86,24
469,User469,87,25
470,User470,88,26
471,User471,89,27
472,User472,90,28
473,User473,91,29
474,User474,92,30
475,User475,93,31
476,User476,94,32
477,User477,95,33
478,User478,96,34
479,User479,97,35
480,User480,98,36
481,User481,99,37
482,User482,100,38
483,User483,80,39
484,User484,81,40
485,User485,82,41
486,User486,83,42
487,User487,84,43
488,User488,85,44
489,User489,86,45
490,User490,87,46
491,User491,88,47
492,User492,89,48
493,User493,90,20
494,User494,91,21
495,User495,92,22
496,User496,93,23
497,User497,94,24
498,User498,95,25
499,User499,96,26
500,User500,97,27
501,User501,98,28
502,User502,99,29
503,User503,100,30
504,User504,80,31
505,User505,81,32
506,User506,82,33
507,User507,83,34
508,User508,84,35
509,User509,85,36
510,User510,86,37
511,User511,87,38
512,User512,88,39
513,User513,89,40
514,User514,90,41
515,User515,91,42
516,User516,92,43
517,User517,93,44
518,User518,94,45
519,User519,95,46
520,User520,96,47
521,User521,97,48
522,User522,98,20
523,User523,99,21
524,User524,100,22
525,User525,80,23
526,User526,81,24
527,User527,82,25
528,User528,83,26
529,User529,84,27
530,User530,85,28
531,User531,86,29
532,User532,87,30
533,User533,88,31
534,User534,89,32
535,User535,90,33
536,User536,91,34
537,User537,92,35
538,User538,93,36
539,User539,94,37
540,User540,95,38
541,User541,96,39
542,User542,97,40
543,User543,98,41
544,User544,99,42
545,User545,100,43
546,User546,80,44
547,User547,81,45
548,User548,82,46
549,User549,83,47
550,User550,84,48
551,User551,85,20
552,User552,86,21
553,User553,87,22
554,User554,88,23
555,User555,89,24
556,User556,90,25
557,User557,91,26
558,User558,92,27
559,User559,93,28
560,User560,94,29
561,User561,95,30
562,User562,96,31
563,User563,97,32
564,User564,98,33
565,User565,99,34
566,User566,100,35
567,User567,80,36
568,User568,81,37
569,User569,82,38
570,User570,83,39
571,User571,84,40
572,User572,85,41
573,User573,86,42
574,User574,87,43
575,User575,88,44
576,User576,89,45
577,User577,90,46
578,User578,91,47
579,User579,92,48
580,User580,93,20
581,User581,94,21
582,User582,95,22
583,User583,96,23
584,User584,97,24
585,User585,98,25
586,User586,99,26
587,User587,100,27
588,User588,80,28
589,User589,81,29
590,User590,82,30
591,User591,83,31
592,User592,84,32
593,User593,85,33
594,User594,86,34
595,User595,87,35
596,User596,88,36
597,User597,89,37
598,User598,90,38
599,User599,91,39
600,User600,92,40
601,User601,93,41
602,User602,94,42
603,User603,95,43
604,User604,96,44
605,User605,97,45
606,User606,98,46
607,User607,99,47
608,User608,100,48
609,User609,80,20
610,User610,81,21
611,User611,82,22
612,User612,83,23
613,User613,84,24
614,User614,85,25
615,User615,86,26
616,User616,87,27
617,User617,88,28
618,User618,89,29
619,User619,90,30
620,User620,91,31
621,User621,92,32
622,User622,93,33
623,User623,94,34
624,User624,95,35
625,User625,96,36
626,User626,97,37
627,User627,98,38
628,User628,99,39
629,User629,100,40
630,User630,80,41
631,User631,81,42
632,User632,82,43
633,User633,83,44
634,User634,84,45
635,User635,85,46
636,User636,86,47
637,User637,87,48
638,User638,88,20
639,User639,89,21
640,User640,90,22
641,User641,91,23
642,User642,92,24
643,User643,93,25
644,User644,94,26
645,User645,95,27
646,User646,96,28
647,User647,97,29
648,User648,98,30
649,User649,99,31
650,User650,100,32
651,User651,80,33
652,User652,81,34
653,User653,82,35
654,User654,83,36
655,User655,84,37
656,User656,85,38
657,User657,86,39
658,User658,87,40
659,User659,88,41
660,User660,89,42
661,User661,90,43
662,User662,91,44
663,User663,92,45
664,User664,93,46
665,User665,94,47
666,User666,95,48
667,User667,96,20
668,User668,97,21
669,User669,98,22
670,User670,99,23
671,User671,100,24
672,User672,80,25
673,User673,81,26
674,User674,82,27
675,User675,83,28
676,User676,84,29
677,User677,85,30
678,User678,86,31
679,User679,87,32
680,User680,88,33
681,User681,89,34
682,User682,90,35
683,User683,91,36
684,User684,92,37
685,User685,93,38
686,User686,94,39
687,User687,95,40
688,User688,96,41
689,User689,97,42
690,User690,98,43
691,User691,99,44
692,User692,100,45
693,User693,80,46
694,User694,81,47
695,User695,82,48
696,User696,83,20
697,User697,84,21
698,User698,85,22
699,User699,86,23
700,User700,87,24
701,User701,88,25
702,User702,89,26
703,User703,90,27
704,User704,91,28
705,User705,92,29
706,User706,93,30
707,User707,94,31
708,User708,95,32
709,User709,96,33
710,User710,97,34
711,User711,98,35
712,User712,99,36
713,User713,100,37
714,User714,80,38
715,User715,81,39
716,User716,82,40
717,User717,83,41
718,User718,84,42
719,User719,85,43
720,User720,86,44
721,User721,87,45
722,User722,88,46
723,User723,89,47
724,User724,90,48
725,User725,91,20
726,User726,92,21
727,User727,93,22
728,User728,94,23
729,User729,95,24
730,User730,96,25
731,User731,97,26
732,User732,98,27
733,User733,99,28
734,User734,100,29
735,User735,80,30
736,User736,81,31
737,User737,82,32
738,User738,83,33
739,User739,84,34
740,User740,85,35
741,User741,86,36
742,User742,87,37
743,User743,88,38
744,User744,89,39
745,User745,90,40
746,User746,91,41
747,User747,92,42
748,User748,93,43
749,User749,94,44
750,User750,95,45
751,User751,96,46
752,User752,97,47
753,User753,98,48
754,User754,99,20
755,User755,100,21
756,User756,80,22
757,User757,81,23
758,User758,82,24
759,User759,83,25
760,User760,84,26
761,User761,85,27
762,User762,86,28
763,User763,87,29
764,User764,88,30
765,User765,89,31
766,User766,90,32
767,User767,91,33
768,User768,92,34
769,User769,93,35
770,User770,94,36
771,User771,95,37
772,User772,96,38
773,User773,97,39
774,User774,98,40
775,User775,99,41
776,User776,100,42
777,User777,80,43
778,User778,81,44
779,User779,82,45
780,User780,83,46
781,User781,84,47
782,User782,85,48
783,User783,86,20
784,User784,87,21
785,User785,88,22
786,User786,89,23
787,User787,90,24
788,User788,91,25
789,User789,92,26
790,User790,93,27
791,User791,94,28
792,User792,95,29
793,User793,96,30
794,User794,97,31
795,User795,98,32
796,User796,99,33
797,User797,100,34
798,User798,80,35
799,User799,81,36
800,User800,82,37
801,User801,83,38
802,User802,84,39
803,User803,85,40
804,User804,86,41
805,User805,87,42
806,User806,88,43
807,User807,89,44
808,User808,90,45
809,User809,91,46
810,User810,92,47
811,User811,93,48
812,User812,94,20
813,User813,95,21
814,User814,96,22
815,User815,97,23
816,User816,98,24
817,User817,99,25
818,User818,100,26
819,User819,80,27
820,User820,81,28
821,User821,82,29
822,User822,83,30
823,User823,84,31
824,User824,85,32
825,User825,86,33
826,User826,87,34
827,User827,88,35
828,User828,89,36
829,User829,90,37
830,User830,91,38
831,User831,92,39
832,User832,93,40
833,User833,94,41
834,User834,95,42
835,User835,96,43
836,User836,97,44
837,User837,98,45
838,User838,99,46
839,User839,100,47
840,User840,80,48
841,User841,81,20
842,User842,82,21
843,User843,83,22
844,User844,84,23
845,User845,85,24
846,User846,86,25
847,User847,87,26
848,User848,88,27
849,User849,89,28
850,User850,90,29
851,User851,91,30
852,User852,92,31
853,User853,93,32
854,User854,94,33
855,User855,95,34
856,User856,96,35
857,User857,97,36
858,User858,98,37
859,User859,99,38
860,User860,100,39
861,User861,80,40
862,User862,81,41
863,User863,82,42
864,User864,83,43
865,User865,84,44
866,User866,85,45
867,User867,86,46
868,User868,87,47
869,User869,88,48
870,User870,89,20
871,User871,90,21
872,User872,91,22
873,User873,92,23
874,User874,93,24
875,User875,94,25
876,User876,95,26
877,User877,96,27
878,User878,97,28
879,User879,98,29
880,User880,99,30
881,User881,100,31
882,User882,80,32
883,User883,81,33
884,User884,82,34
885,User885,83,35
886,User886,84,36
887,User887,85,37
888,User888,86,38
889,User889,87,39
890,User890,88,40
891,User891,89,41
892,User892,90,42
893,User893,91,43
894,User894,92,44
895,User895,93,45
896,User896,94,46
897,User897,95,47
898,User898,96,48
899,User899,97,20
900,User900,98,21
901,User901,99,22
902,User902,100,23
903,User903,80,24
904,User904,81,25
905,User905,82,26
906,User906,83,27
907,User907,84,28
908,User908,85,29
909,User909,86,30
910,User910,87,31
911,User911,88,32
912,User912,89,33
913,User913,90,34
914,User914,91,35
915,User915,92,36
916,User916,93,37
917,User917,94,38
918,User918,95,39
919,User919,96,40
920,User920,97,41
921,User921,98,42
922,User922,99,43
923,User923,100,44
924,User924,80,45
925,User925,81,46
926,User926,82,47
927,User927,83,48
928,User928,84,20
929,User929,85,21
930,User930,86,22
931,User931,87,23
932,User932,88,24
933,User933,89,25
934,User934,90,26
935,User935,91,27
936,User936,92,28
937,User937,93,29
938,User938,94,30
939,User939,95,31
940,User940,96,32
941,User941,97,33
942,User942,98,34
943,User943,99,35
944,User944,100,36
945,User945,80,37
946,User946,81,38
947,User947,82,39
948,User948,83,40
949,User949,84,41
950,User950,85,42
951,User951,86,43
952,User952,87,44
953,User953,88,45
954,User954,89,46
955,User955,90,47
956,User956,91,48
957,User957,92,20
958,User958,93,21
959,User959,94,22
960,User960,95,23
961,User961,96,24
962,User962,97,25
963,User963,98,26
964,User964,99,27
965,User965,100,28
966,User966,80,29
967,User967,81,30
968,User968,82,31
969,User969,83,32
970,User970,84,33
971,User971,85,34
972,User972,86,35
973,User973,87,36
974,User974,88,37
975,User975,89,38
976,User976,90,39
977,User977,91,40
978,User978,92,41
979,User979,93,42
980,User980,94,43
981,User981,95,44
982,User982,96,45
983,User983,97,46
984,User984,98,47
985,User985,99,48
986,User986,100,20
987,User987,80,21
988,User988,81,22
989,User989,82,23
990,User990,83,24
991,User991,84,25
992,User992,85,26
993,User993,86,27
994,User994,87,28
995,User995,88,29
996,User996,89,30
997,User997,90,31
998,User998,91,32
999,User999,92,33
1000,User1000,93,34
1001,User1001,94,35
1002,User1002,95,36
1003,User1003,96,37
1004,User1004,97,38
1005,User1005,98,39
1006,User1006,99,40
1007,User1007,100,41
1008,User1008,80,42
1009,User1009,81,43
1010,User1010,82,44
1011,User1011,83,45
1012,User1012,84,46
1013,User1013,85,47
1014,User1014,86,48
1015,User1015,87,20
1016,User1016,88,21
1017,User1017,89,22
1018,User1018,90,23
1019,User1019,91,24
1020,User1020,92,25
1021,User1021,93,26
1022,User1022,94,27
1023,User1023,95,28
1024,User1024,96,29
1025,User1025,97,30
1026,User1026,98,31
1027,User1027,99,32
1028,User1028,100,33
1029,User1029,80,34
1030,User1030,81,35
1031,User1031,82,36
1032,User1032,83,37
1033,User1033,84,38
1034,User1034,85,39
1035,User1035,86,40
1036,User1036,87,41
1037,User1037,88,42
1038,User1038,89,43
1039,User1039,90,44
1040,User1040,91,45
1041,User1041,92,46
1042,User1042,93,47
1043,User1043,94,48
1044,User1044,95,20
1045,User1045,96,21
1046,User1046,97,22
1047,User1047,98,23
1048,User1048,99,24
1049,User1049,100,25
1050,User1050,80,26
1051,User1051,81,27
1052,User1052,82,28
1053,User1053,83,29
1054,User1054,84,30
1055,User1055,85,31
1056,User1056,86,32
1057,User1057,87,33
1058,User1058,88,34
1059,User1059,89,35
1060,User1060,90,36
1061,User1061,91,37
1062,User1062,92,38
1063,User1063,93,39
1064,User1064,94,40
1065,User1065,95,41
1066,User1066,96,42
1067,User1067,97,43
1068,User1068,98,44
1069,User1069,99,45
1070,User1070,100,46
1071,User1071,80,47
1072,User1072,81,48
1073,User1073,82,20
1074,User1074,83,21
1075,User1075,84,22
1076,User1076,85,23
1077,User1077,86,24
1078,User1078,87,25
1079,User1079,88,26
1080,User1080,89,27
1081,User1081,90,28
1082,User1082,91,29
1083,User1083,92,30
1084,User1084,93,31
1085,User1085,94,32
1086,User1086,95,33
1087,User1087,96,34
1088,User1088,97,35
1089,User1089,98,36
1090,User1090,99,37
1091,User1091,100,38
1092,User1092,80,39
1093,User1093,81,40
1094,User1094,82,41
1095,User1095,83,42
1096,User1096,84,43
1097,User1097,85,44
1098,User1098,86,45
1099,User1099,87,46
1100,User1100,88,47
1101,User1101,89,48
1102,User1102,90,20
1103,User1103,91,21
1104,User1104,92,22
1105,User1105,93,23
1106,User1106,94,24
1107,User1107,95,25
1108,User1108,96,26
1109,User1109,97,27
1110,User1110,98,28
1111,User1111,99,29
1112,User1112,100,30
1113,User1113,80,31
1114,User1114,81,32
1115,User1115,82,33
1116,User1116,83,34
1117,User1117,84,35
1118,User1118,85,36
1119,User1119,86,37
1120,User1120,87,38
1121,User1121,88,39
1122,User1122,89,40
1123,User1123,90,41
1124,User1124,91,42
1125,User1125,92,43
1126,User1126,93,44
1127,User1127,94,45
1128,User1128,95,46
1129,User1129,96,47
1130,User1130,97,48
1131,User1131,98,20
1132,User1132,99,21
1133,User1133,100,22
1134,User1134,80,23
1135,User1135,81,24
1136,User1136,82,25
1137,User1137,83,26
1138,User1138,84,27
1139,User1139,85,28
1140,User1140,86,29
1141,User1141,87,30
1142,User1142,88,31
1143,User1143,89,32
1144,User1144,90,33
1145,User1145,91,34
1146,User1146,92,35
1147,User1147,93,36
1148,User1148,94,37
1149,User1149,95,38
1150,User1150,96,39
1151,User1151,97,40
1152,User1152,98,41
1153,User1153,99,42
1154,User1154,100,43
1155,User1155,80,44
1156,User1156,81,45
1157,User1157,82,46
1158,User1158,83,47
1159,User1159,84,48
1160,User1160,85,20
1161,User1161,86,21
1162,User1162,87,22
1163,User1163,88,23
1164,User1164,89,24
1165,User1165,90,25
1166,User1166,91,26
1167,User1167,92,27
1168,User1168,93,28
1169,User1169,94,29
1170,User1170,95,30
1171,User1171,96,31
1172,User1172,97,32
1173,User1173,98,33
1174,User1174,99,34
1175,User1175,100,35
1176,User1176,80,36
1177,User1177,81,37
1178,User1178,82,38
1179,User1179,83,39
1180,User1180,84,40
1181,User1181,85,41
1182,User1182,86,42
1183,User1183,87,43
1184,User1184,88,44
1185,User1185,89,45
1186,User1186,90,46
1187,User1187,91,47
1188,User1188,92,48
1189,User1189,93,20
1190,User1190,94,21
1191,User1191,95,22
1192,User1192,96,23
1193,User1193,97,24
1194,User1194,98,25
1195,User1195,99,26
1196,User1196,100,27
1197,User1197,80,28
1198,User1198,81,29
1199,User1199,82,30
1200,User1200,83,31
1201,User1201,84,32
1202,User1202,85,33
1203,User1203,86,34
1204,User1204,87,35
1205,User1205,88,36
1206,User1206,89,37
1207,User1207,90,38
1208,User1208,91,39
1209,User1209,92,40
1210,User1210,93,41
1211,User1211,94,42
1212,User1212,95,43
1213,User1213,96,44
1214,User1214,97,45
1215,User1215,98,46
1216,User1216,99,47
1217,User1217,100,48
1218,User1218,80,20
1219,User1219,81,21
1220,User1220,82,22
1221,User1221,83,23
1222,User1222,84,24
1223,User1223,85,25
1224,User1224,86,26
1225,User1225,87,27
1226,User1226,88,28
1227,User1227,89,29
1228,User1228,90,30
1229,User1229,91,31
1230,User1230,92,32
1231,User1231,93,33
1232,User1232,94,34
1233,User1233,95,35
1234,User1234,96,36
1235,User1235,97,37
1236,User1236,98,38
1237,User1237,99,39
1238,User1238,100,40
1239,User1239,80,41
1240,User1240,81,42
1241,User1241,82,43
1242,User1242,83,44
1243,User1243,84,45
1244,User1244,85,46
1245,User1245,86,47
1246,User1246,87,48
1247,User1247,88,20
1248,User1248,89,21
1249,User1249,90,22
1250,User1250,91,23
1251,User1251,92,24
1252,User1252,93,25
1253,User1253,94,26
1254,User1254,95,27
1255,User1255,96,28
1256,User1256,97,29
1257,User1257,98,30
1258,User1258,99,31
1259,User1259,100,32
1260,User1260,80,33
1261,User1261,81,34
1262,User1262,82,35
1263,User1263,83,36
1264,User1264,84,37
1265,User1265,85,38
1266,User1266,86,39
1267,User1267,87,40
1268,User1268,88,41
1269,User1269,89,42
1270,User1270,90,43
1271,User1271,91,44
1272,User1272,92,45
1273,User1273,93,46
1274,User1274,94,47
1275,User1275,95,48
1276,User1276,96,20
1277,User1277,97,21
1278,User1278,98,22
1279,User1279,99,23
1280,User1280,100,24
1281,User1281,80,25
1282,User1282,81,26
1283,User1283,82,27
1284,User1284,83,28
1285,User1285,84,29
1286,User1286,85,30
1287,User1287,86,31
1288,User1288,87,32
1289,User1289,88,33
1290,User1290,89,34
1291,User1291,90,35
1292,User1292,91,36
1293,User1293,92,37
1294,User1294,93,38
1295,User1295,94,39
1296,User1296,95,40
1297,User1297,96,41
1298,User1298,97,42
1299,User1299,98,43
1300,User1300,99,44
1301,User1301,100,45
1302,User1302,80,46
1303,User1303,81,47
1304,User1304,82,48
1305,User1305,83,20
1306,User1306,84,21
1307,User1307,85,22
1308,User1308,86,23
1309,User1309,87,24
1310,User1310,88,25
1311,User1311,89,26
1312,User1312,90,27
1313,User1313,91,28
1314,User1314,92,29
1315,User1315,93,30
1316,User1316,94,31
1317,User1317,95,32
1318,User1318,96,33
1319,User1319,97,34
1320,User1320,98,35
1321,User1321,99,36
1322,User1322,100,37
1323,User1323,80,38
1324,User1324,81,39
1325,User1325,82,40
1326,User1326,83,41
1327,User1327,84,42
1328,User1328,85,43
1329,User1329,86,44
1330,User1330,87,45
1331,User1331,88,46
1332,User1332,89,47
1333,User1333,90,48
1334,User1334,91,20
1335,User1335,92,21
1336,User1336,93,22
1337,User1337,94,23
1338,User1338,95,24
1339,User1339,96,25
1340,User1340,97,26
1341,User1341,98,27
1342,User1342,99,28
1343,User1343,100,29
1344,User1344,80,30
1345,User1345,81,31
1346,User1346,82,32
1347,User1347,83,33
1348,User1348,84,34
1349,User1349,85,35
1350,User1350,86,36
1351,User1351,87,37
1352,User1352,88,38
1353,User1353,89,39
1354,User1354,90,40
1355,User1355,91,41
1356,User1356,92,42
1357,User1357,93,43
1358,User1358,94,44
1359,User1359,95,45
1360,User1360,96,46
1361,User1361,97,47
1362,User1362,98,48
1363,User1363,99,20
1364,User1364,100,21
1365,User1365,80,22
1366,User1366,81,23
1367,User1367,82,24
1368,User1368,83,25
1369,User1369,84,26
1370,User1370,85,27
1371,User1371,86,28
1372,User1372,87,29
1373,User1373,88,30
1374,User1374,89,31
1375,User1375,90,32
1376,User1376,91,33
1377,User1377,92,34
1378,User1378,93,35
1379,User1379,94,36
1380,User1380,95,37
1381,User1381,96,38
1382,User1382,97,39
1383,User1383,98,40
1384,User1384,99,41
1385,User1385,100,42
1386,User1386,80,43
1387,User1387,81,44
1388,User1388,82,45
1389,User1389,83,46
1390,User1390,84,47
1391,User1391,85,48
1392,User1392,86,20
1393,User1393,87,21
1394,User1394,88,22
1395,User1395,89,23
1396,User1396,90,24
1397,User1397,91,25
1398,User1398,92,26
1399,User1399,93,27
1400,User1400,94,28
1401,User1401,95,29
1402,User1402,96,30
1403,User1403,97,31
1404,User1404,98,32
1405,User1405,99,33
1406,User1406,100,34
1407,User1407,80,35
1408,User1408,81,36
1409,User1409,82,37
1410,User1410,83,38
1411,User1411,84,39
1412,User1412,85,40
1413,User1413,86,41
1414,User1414,87,42
1415,User1415,88,43
1416,User1416,89,44
1417,User1417,90,45
1418,User1418,91,46
1419,User1419,92,47
1420,User1420,93,48
1421,User1421,94,20
1422,User1422,95,21
1423,User1423,96,22
1424,User1424,97,23
1425,User1425,98,24
1426,User1426,99,25
1427,User1427,100,26
1428,User1428,80,27
1429,User1429,81,28
1430,User1430,82,29
1431,User1431,83,30
1432,User1432,84,31
1433,User1433,85,32
1434,User1434,86,33
1435,User1435,87,34
1436,User1436,88,35
1437,User1437,89,36
1438,User1438,90,37
1439,User1439,91,38
1440,User1440,92,39
1441,User1441,93,40
1442,User1442,94,41
1443,User1443,95,42
1444,User1444,96,43
1445,User1445,97,44
1446,User1446,98,45
1447,User1447,99,46
1448,User1448,100,47
1449,User1449,80,48
1450,User1450,81,20
1451,User1451,82,21
1452,User1452,83,22
1453,User1453,84,23
1454,User1454,85,24
1455,User1455,86,25
1456,User1456,87,26
1457,User1457,88,27
1458,User1458,89,28
1459,User1459,90,29
1460,User1460,91,30
1461,User1461,92,31
1462,User1462,93,32
1463,User1463,94,33
1464,User1464,95,34
1465,User1465,96,35
1466,User1466,97,36
1467,User1467,98,37
1468,User1468,99,38
1469,User1469,100,39
1470,User1470,80,40
1471,User1471,81,41
1472,User1472,82,42
1473,User1473,83,43
1474,User1474,84,44
1475,User1475,85,45
1476,User1476,86,46
1477,User1477,87,47
1478,User1478,88,48
1479,User1479,89,20
1480,User1480,90,21
1481,User1481,91,22
1482,User1482,92,23
1483,User1483,93,24
1484,User1484,94,25
1485,User1485,95,26
1486,User1486,96,27
1487,User1487,97,28
1488,User1488,98,29
1489,User1489,99,30
1490,User1490,100,31
1491,User1491,80,32
1492,User1492,81,33
1493,User1493,82,34
1494,User1494,83,35
1495,User1495,84,36
1496,User1496,85,37
1497,User1497,86,38
1498,User1498,87,39
1499,User1499,88,40
1500,User1500,89,41
1501,User1501,90,42
1502,User1502,91,43
1503,User1503,92,44
1504,User1504,93,45
1505,User1505,94,46
1506,User1506,95,47
1507,User1507,96,48
1508,User1508,97,20
1509,User1509,98,21
1510,User1510,99,22
1511,User1511,100,23
1512,User1512,80,24
1513,User1513,81,25
1514,User1514,82,26
1515,User1515,83,27
1516,User1516,84,28
1517,User1517,85,29
1518,User1518,86,30
1519,User1519,87,31
1520,User1520,88,32
1521,User1521,89,33
1522,User1522,90,34
1523,User1523,91,35
1524,User1524,92,36
1525,User1525,93,37
1526,User1526,94,38
1527,User1527,95,39
1528,User1528,96,40
1529,User1529,97,41
1530,User1530,98,42
1531,User1531,99,43
1532,User1532,100,44
1533,User1533,80,45
1534,User1534,81,46
1535,User1535,82,47
1536,User1536,83,48
1537,User1537,84,20
1538,User1538,85,21
1539,User1539,86,22
1540,User1540,87,23
1541,User1541,88,24
1542,User1542,89,25
1543,User1543,90,26
1544,User1544,91,27
1545,User1545,92,28
1546,User1546,93,29
1547,User1547,94,30
1548,User1548,95,31
1549,User1549,96,32
1550,User1550,97,33
1551,User1551,98,34
1552,User1552,99,35
1553,User1553,100,36
1554,User1554,80,37
1555,User1555,81,38
1556,User1556,82,39
1557,User1557,83,40
1558,User1558,84,41
1559,User1559,85,42
1560,User1560,86,43
1561,User1561,87,44
1562,User1562,88,45
1563,User1563,89,46
1564,User1564,90,47
1565,User1565,91,48
1566,User1566,92,20
1567,User1567,93,21
1568,User1568,94,22
1569,User1569,95,23
1570,User1570,96,24
1571,User1571,97,25
1572,User1572,98,26
1573,User1573,99,27
1574,User1574,100,28
1575,User1575,80,29
1576,User1576,81,30
1577,User1577,82,31
1578,User1578,83,32
1579,User1579,84,33
1580,User1580,85,34
1581,User1581,86,35
1582,User1582,87,36
1583,User1583,88,37
1584,User1584,89,38
1585,User1585,90,39
1586,User1586,91,40
1587,User1587,92,41
1588,User1588,93,42
1589,User1589,94,43
1590,User1590,95,44
1591,User1591,96,45
1592,User1592,97,46
1593,User1593,98,47
1594,User1594,99,48
1595,User1595,100,20
1596,User1596,80,21
1597,User1597,81,22
1598,User1598,82,23
1599,User1599,83,24
1600,User1600,84,25
1601,User1601,85,26
1602,User1602,86,27
1603,User1603,87,28
1604,User1604,88,29
1605,User1605,89,30
1606,User1606,90,31
1607,User1607,91,32
1608,User1608,92,33
1609,User1609,93,34
1610,User1610,94,35
1611,User1611,95,36
1612,User1612,96,37
1613,User1613,97,38
1614,User1614,98,39
1615,User1615,99,40
1616,User1616,100,41
1617,User1617,80,42
1618,User1618,81,43
1619,User1619,82,44
1620,User1620,83,45
1621,User1621,84,46
1622,User1622,85,47
1623,User1623,86,48
1624,User1624,87,20
1625,User1625,88,21
1626,User1626,89,22
1627,User1627,90,23
1628,User1628,91,24
1629,User1629,92,25
1630,User1630,93,26
1631,User1631,94,27
1632,User1632,95,28
1633,User1633,96,29
1634,User1634,97,30
1635,User1635,98,31
1636,User1636,99,32
1637,User1637,100,33
1638,User1638,80,34
1639,User1639,81,35
1640,User1640,82,36
1641,User1641,83,37
1642,User1642,84,38
1643,User1643,85,39
1644,User1644,86,40
1645,User1645,87,41
1646,User1646,88,42
1647,User1647,89,43
1648,User1648,90,44
1649,User1649,91,45
1650,User1650,92,46
1651,User1651,93,47
1652,User1652,94,48
1653,User1653,95,20
1654,User1654,96,21
1655,User1655,97,22
1656,User1656,98,23
1657,User1657,99,24
1658,User1658,100,25
1659,User1659,80,26
1660,User1660,81,27
1661,User1661,82,28
1662,User1662,83,29
1663,User1663,84,30
1664,User1664,85,31
1665,User1665,86,32
1666,User1666,87,33
1667,User1667,88,34
1668,User1668,89,35
1669,User1669,90,36
1670,User1670,91,37
1671,User1671,92,38
1672,User1672,93,39
1673,User1673,94,40
1674,User1674,95,41
1675,User1675,96,42
1676,User1676,97,43
1677,User1677,98,44
1678,User1678,99,45
1679,User1679,100,46
1680,User1680,80,47
1681,User1681,81,48
1682,User1682,82,20
1683,User1683,83,21
1684,User1684,84,22
1685,User1685,85,23
1686,User1686,86,24
1687,User1687,87,25
1688,User1688,88,26
1689,User1689,89,27
1690,User1690,90,28
1691,User1691,91,29
1692,User1692,92,30
1693,User1693,93,31
1694,User1694,94,32
1695,User1695,95,33
1696,User1696,96,34
1697,User1697,97,35
1698,User1698,98,36
1699,User1699,99,37
1700,User1700,100,38
1701,User1701,80,39
1702,User1702,81,40
1703,User1703,82,41
1704,User1704,83,42
1705,User1705,84,43
1706,User1706,85,44
1707,User1707,86,45
1708,User1708,87,46
1709,User1709,88,47
1710,User1710,89,48
1711,User1711,90,20
1712,User1712,91,21
1713,User1713,92,22
1714,User1714,93,23
1715,User1715,94,24
1716,User1716,95,25
1717,User1717,96,26
1718,User1718,97,27
1719,User1719,98,28
1720,User1720,99,29
1721,User1721,100,30
1722,User1722,80,31
1723,User1723,81,32
1724,User1724,82,33
1725,User1725,83,34
1726,User1726,84,35
1727,User1727,85,36
1728,User1728,86,37
1729,User1729,87,38
1730,User1730,88,39
1731,User1731,89,40
1732,User1732,90,41
1733,User1733,91,42
1734,User1734,92,43
1735,User1735,93,44
1736,User1736,94,45
1737,User1737,95,46
1738,User1738,96,47
1739,User1739,97,48
1740,User1740,98,20
1741,User1741,99,21
1742,User1742,100,22
1743,User1743,80,23
1744,User1744,81,24
1745,User1745,82,25
1746,User1746,83,26
1747,User1747,84,27
1748,User1748,85,28
1749,User1749,86,29
1750,User1750,87,30
1751,User1751,88,31
1752,User1752,89,32
1753,User1753,90,33
1754,User1754,91,34
1755,User1755,92,35
1756,User1756,93,36
1757,User1757,94,37
1758,User1758,95,38
1759,User1759,96,39
1760,User1760,97,40
1761,User1761,98,41
1762,User1762,99,42
1763,User1763,100,43
1764,User1764,80,44
1765,User1765,81,45
1766,User1766,82,46
1767,User1767,83,47
1768,User1768,84,48
1769,User1769,85,20
1770,User1770,86,21
1771,User1771,87,22
1772,User1772,88,23
1773,User1773,89,24
1774,User1774,90,25
1775,User1775,91,26
1776,User1776,92,27
1777,User1777,93,28
1778,User1778,94,29
1779,User1779,95,30
1780,User1780,96,31
1781,User1781,97,32
1782,User1782,98,33
1783,User1783,99,34
1784,User1784,100,35
1785,User1785,80,36
1786,User1786,81,37
1787,User1787,82,38
1788,User1788,83,39
1789,User1789,84,40
1790,User1790,85,41
1791,User1791,86,42
1792,User1792,87,43
1793,User1793,88,44
1794,User1794,89,45
1795,User1795,90,46
1796,User1796,91,47
1797,User1797,92,48
1798,User1798,93,20
1799,User1799,94,21
1800,User1800,95,22
1801,User1801,96,23
1802,User1802,97,24
1803,User1803,98,25
1804,User1804,99,26
1805,User1805,100,27
1806,User1806,80,28
1807,User1807,81,29
1808,User1808,82,30
1809,User1809,83,31
1810,User1810,84,32
1811,User1811,85,33
1812,User1812,86,34
1813,User1813,87,35
1814,User1814,88,36
1815,User1815,89,37
1816,User1816,90,38
1817,User1817,91,39
1818,User1818,92,40
1819,User1819,93,41
1820,User1820,94,42
1821,User1821,95,43
1822,User1822,96,44
1823,User1823,97,45
1824,User1824,98,46
1825,User1825,99,47
1826,User1826,100,48
1827,User1827,80,20
1828,User1828,81,21
1829,User1829,82,22
1830,User1830,83,23
1831,User1831,84,24
1832,User1832,85,25
1833,User1833,86,26
1834,User1834,87,27
1835,User1835,88,28
1836,User1836,89,29
1837,User1837,90,30
1838,User1838,91,31
1839,User1839,92,32
1840,User1840,93,33
1841,User1841,94,34
1842,User1842,95,35
1843,User1843,96,36
1844,User1844,97,37
1845,User1845,98,38
1846,User1846,99,39
1847,User1847,100,40
1848,User1848,80,41
1849,User1849,81,42
1850,User1850,82,43
1851,User1851,83,44
1852,User1852,84,45
1853,User1853,85,46
1854,User1854,86,47
1855,User1855,87,48
1856,User1856,88,20
1857,User1857,89,21
1858,User1858,90,22
1859,User1859,91,23
1860,User1860,92,24
1861,User1861,93,25
1862,User1862,94,26
1863,User1863,95,27
1864,User1864,96,28
1865,User1865,97,29
1866,User1866,98,30
1867,User1867,99,31
1868,User1868,100,32
1869,User1869,80,33
1870,User1870,81,34
1871,User1871,82,35
1872,User1872,83,36
1873,User1873,84,37
1874,User1874,85,38
1875,User1875,86,39
1876,User1876,87,40
1877,User1877,88,41
1878,User1878,89,42
1879,User1879,90,43
1880,User1880,91,44
1881,User1881,92,45
1882,User1882,93,46
1883,User1883,94,47
1884,User1884,95,48
1885,User1885,96,20
1886,User1886,97,21
1887,User1887,98,22
1888,User1888,99,23
1889,User1889,100,24
1890,User1890,80,25
1891,User1891,81,26
1892,User1892,82,27
1893,User1893,83,28
1894,User1894,84,29
1895,User1895,85,30
1896,User1896,86,31
1897,User1897,87,32
1898,User1898,88,33
1899,User1899,89,34
1900,User1900,90,35
1901,User1901,91,36
1902,User1902,92,37
1903,User1903,93,38
1904,User1904,94,39
1905,User1905,95,40
1906,User1906,96,41
1907,User1907,97,42
1908,User1908,98,43
1909,User1909,99,44
1910,User1910,100,45
1911,User1911,80,46
1912,User1912,81,47
1913,User1913,82,48
1914,User1914,83,20
1915,User1915,84,21
1916,User1916,85,22
1917,User1917,86,23
1918,User1918,87,24
1919,User1919,88,25
1920,User1920,89,26
1921,User1921,90,27
1922,User1922,91,28
1923,User1923,92,29
1924,User1924,93,30
1925,User1925,94,31
1926,User1926,95,32
1927,User1927,96,33
1928,User1928,97,34
1929,User1929,98,35
1930,User1930,99,36
1931,User1931,100,37
1932,User1932,80,38
1933,User1933,81,39
1934,User1934,82,40
1935,User1935,83,41
1936,User1936,84,42
1937,User1937,85,43
1938,User1938,86,44
1939,User1939,87,45
1940,User1940,88,46
1941,User1941,89,47
1942,User1942,90,48
1943,User1943,91,20
1944,User1944,92,21
1945,User1945,93,22
1946,User1946,94,23
1947,User1947,95,24
1948,User1948,96,25
1949,User1949,97,26
1950,User1950,98,27
1951,User1951,99,28
1952,User1952,100,29
1953,User1953,80,30
1954,User1954,81,31
1955,User1955,82,32
1956,User1956,83,33
1957,User1957,84,34
1958,User1958,85,35
1959,User1959,86,36
1960,User1960,87,37
1961,User1961,88,38
1962,User1962,89,39
1963,User1963,90,40
1964,User1964,91,41
1965,User1965,92,42
1966,User1966,93,43
1967,User1967,94,44
1968,User1968,95,45
1969,User1969,96,46
1970,User1970,97,47
1971,User1971,98,48
1972,User1972,99,20
1973,User1973,100,21
1974,User1974,80,22
1975,User1975,81,23
1976,User1976,82,24
1977,User1977,83,25
1978,User1978,84,26
1979,User1979,85,27
1980,User1980,86,28
1981,User1981,87,29
1982,User1982,88,30
1983,User1983,89,31
1984,User1984,90,32
1985,User1985,91,33
1986,User1986,92,34
1987,User1987,93,35
1988,User1988,94,36
1989,User1989,95,37
1990,User1990,96,38
1991,User1991,97,39
1992,User1992,98,40
1993,User1993,99,41
1994,User1994,100,42
1995,User1995,80,43
1996,User1996,81,44
1997,User1997,82,45
1998,User1998,83,46
1999,User1999,84,47
2000,User2000,85,48
2001,User2001,86,20
2002,User2002,87,21
2003,User2003,88,22
2004,User2004,89,23
2005,User2005,90,24
2006,User2006,91,25
2007,User2007,92,26
2008,User2008,93,27
2009,User2009,94,28
2010,User2010,95,29
2011,User2011,96,30
2012,User2012,97,31
2013,User2013,98,32
2014,User2014,99,33
2015,User2015,100,34
2016,User2016,80,35
2017,User2017,81,36
2018,User2018,82,37
2019,User2019,83,38
2020,User2020,84,39
2021,User2021,85,40
2022,User2022,86,41
2023,User2023,87,42
2024,User2024,88,43
2025,User2025,89,44
2026,User2026,90,45
2027,User2027,91,46
2028,User2028,92,47
2029,User2029,93,48
2030,User2030,94,20
2031,User2031,95,21
2032,User2032,96,22
2033,User2033,97,23
2034,User2034,98,24
2035,User2035,99,25
2036,User2036,100,26
2037,User2037,80,27
2038,User2038,81,28
2039,User2039,82,29
2040,User2040,83,30
2041,User2041,84,31
2042,User2042,85,32
2043,User2043,86,33
2044,User2044,87,34
2045,User2045,88,35
2046,User2046,89,36
2047,User2047,90,37
2048,User2048,91,38
2049,User2049,92,39
2050,User2050,93,40
2051,User2051,94,41
2052,User2052,95,42
2053,User2053,96,43
2054,User2054,97,44
2055,User2055,98,45
2056,User2056,99,46
2057,User2057,100,47
2058,User2058,80,48
2059,User2059,81,20
2060,User2060,82,21
2061,User2061,83,22
2062,User2062,84,23
2063,User2063,85,24
2064,User2064,86,25
2065,User2065,87,26
2066,User2066,88,27
2067,User2067,89,28
2068,User2068,90,29
2069,User2069,91,30
2070,User2070,92,31
2071,User2071,93,32
2072,User2072,94,33
2073,User2073,95,34
2074,User2074,96,35
2075,User2075,97,36
2076,User2076,98,37
2077,User2077,99,38
2078,User2078,100,39
2079,User2079,80,40
2080,User2080,81,41
2081,User2081,82,42
2082,User2082,83,43
2083,User2083,84,44
2084,User2084,85,45
2085,User2085,86,46
2086,User2086,87,47
2087,User2087,88,48
2088,User2088,89,20
2089,User2089,90,21
2090,User2090,91,22
2091,User2091,92,23
2092,User2092,93,24
2093,User2093,94,25
2094,User2094,95,26
2095,User2095,96,27
2096,User2096,97,28
2097,User2097,98,29
2098,User2098,99,30
2099,User2099,100,31
2100,User2100,80,32
2101,User2101,81,33
2102,User2102,82,34
2103,User2103,83,35
2104,User2104,84,36
2105,User2105,85,37
2106,User2106,86,38
2107,User2107,87,39
2108,User2108,88,40
2109,User2109,89,41
2110,User2110,90,42
2111,User2111,91,43
2112,User2112,92,44
2113,User2113,93,45
2114,User2114,94,46
2115,User2115,95,47
2116,User2116,96,48
2117,User2117,97,20
2118,User2118,98,21
2119,User2119,99,22
2120,User2120,100,23
2121,User2121,80,24
2122,User2122,81,25
2123,User2123,82,26
2124,User2124,83,27
2125,User2125,84,28
2126,User2126,85,29
2127,User2127,86,30
2128,User2128,87,31
2129,User2129,88,32
2130,User2130,89,33
2131,User2131,90,34
2132,User2132,91,35
2133,User2133,92,36
2134,User2134,93,37
2135,User2135,94,38
2136,User2136,95,39
2137,User2137,96,40
2138,User2138,97,41
2139,User2139,98,42
2140,User2140,99,43
2141,User2141,100,44
2142,User2142,80,45
2143,User2143,81,46
2144,User2144,82,47
2145,User2145,83,48
2146,User2146,84,20
2147,User2147,85,21
2148,User2148,86,22
2149,User2149,87,23
2150,User2150,88,24
2151,User2151,89,25
2152,User2152,90,26
2153,User2153,91,27
2154,User2154,92,28
2155,User2155,93,29
2156,User2156,94,30
2157,User2157,95,31
2158,User2158,96,32
2159,User2159,97,33
2160,User2160,98,34
2161,User2161,99,35
2162,User2162,100,36
2163,User2163,80,37
2164,User2164,81,38
2165,User2165,82,39
2166,User2166,83,40
2167,User2167,84,41
2168,User2168,85,42
2169,User2169,86,43
2170,User2170,87,44
2171,User2171,88,45
2172,User2172,89,46
2173,User2173,90,47
2174,User2174,91,48
2175,User2175,92,20
2176,User2176,93,21
2177,User2177,94,22
2178,User2178,95,23
2179,User2179,96,24
2180,User2180,97,25
2181,User2181,98,26
2182,User2182,99,27
2183,User2183,100,28
2184,User2184,80,29
2185,User2185,81,30
2186,User2186,82,31
2187,User2187,83,32
2188,User2188,84,33
2189,User2189,85,34
2190,User2190,86,35
2191,User2191,87,36
2192,User2192,88,37
2193,User2193,89,38
2194,User2194,90,39
2195,User2195,91,40
2196,User2196,92,41
2197,User2197,93,42
2198,User2198,94,43
2199,User2199,95,44
2200,User2200,96,45
2201,User2201,97,46
2202,User2202,98,47
2203,User2203,99,48
2204,User2204,100,20
2205,User2205,80,21
2206,User2206,81,22
2207,User2207,82,23
2208,User2208,83,24
2209,User2209,84,25
2210,User2210,85,26
2211,User2211,86,27
2212,User2212,87,28
2213,User2213,88,29
2214,User2214,89,30
2215,User2215,90,31
2216,User2216,91,32
2217,User2217,92,33
2218,User2218,93,34
2219,User2219,94,35
2220,User2220,95,36
2221,User2221,96,37
2222,User2222,97,38
2223,User2223,98,39
2224,User2224,99,40
2225,User2225,100,41
2226,User2226,80,42
2227,User2227,81,43
2228,User2228,82,44
2229,User2229,83,45
2230,User2230,84,46
2231,User2231,85,47
2232,User2232,86,48
2233,User2233,87,20
2234,User2234,88,21
2235,User2235,89,22
2236,User2236,90,23
2237,User2237,91,24
2238,User2238,92,25
2239,User2239,93,26
2240,User2240,94,27
2241,User2241,95,28
2242,User2242,96,29
2243,User2243,97,30
2244,User2244,98,31
2245,User2245,99,32
2246,User2246,100,33
2247,User2247,80,34
2248,User2248,81,35
2249,User2249,82,36
2250,User2250,83,37
2251,User2251,84,38
2252,User2252,85,39
2253,User2253,86,40
2254,User2254,87,41
2255,User2255,88,42
2256,User2256,89,43
2257,User2257,90,44
2258,User2258,91,45
2259,User2259,92,46
2260,User2260,93,47
2261,User2261,94,48
2262,User2262,95,20
2263,User2263,96,21
2264,User2264,97,22
2265,User2265,98,23
2266,User2266,99,24
2267,User2267,100,25
2268,User2268,80,26
2269,User2269,81,27
2270,User2270,82,28
2271,User2271,83,29
2272,User2272,84,30
2273,User2273,85,31
2274,User2274,86,32
2275,User2275,87,33
2276,User2276,88,34
2277,User2277,89,35
2278,User2278,90,36
2279,User2279,91,37
2280,User2280,92,38
2281,User2281,93,39
2282,User2282,94,40
2283,User2283,95,41
2284,User2284,96,42
2285,User2285,97,43
2286,User2286,98,44
2287,User2287,99,45
2288,User2288,100,46
2289,User2289,80,47
2290,User2290,81,48
2291,User2291,82,20
2292,User2292,83,21
2293,User2293,84,22
2294,User2294,85,23
2295,User2295,86,24
2296,User2296,87,25
2297,User2297,88,26
2298,User2298,89,27
2299,User2299,90,28
2300,User2300,91,29
2301,User2301,92,30
2302,User2302,93,31
2303,User2303,94,32
2304,User2304,95,33
2305,User2305,96,34
2306,User2306,97,35
2307,User2307,98,36
2308,User2308,99,37
2309,User2309,100,38
2310,User2310,80,39
2311,User2311,81,40
2312,User2312,82,41
2313,User2313,83,42
2314,User2314,84,43
2315,User2315,85,44
2316,User2316,86,45
2317,User2317,87,46
2318,User2318,88,47
2319,User2319,89,48
2320,User2320,90,20
2321,User2321,91,21
2322,User2322,92,22
2323,User2323,93,23
2324,User2324,94,24
2325,User2325,95,25
2326,User2326,96,26
2327,User2327,97,27
2328,User2328,98,28
2329,User2329,99,29
2330,User2330,100,30
2331,User2331,80,31
2332,User2332,81,32
2333,User2333,82,33
2334,User2334,83,34
2335,User2335,84,35
2336,User2336,85,36
2337,User2337,86,37
2338,User2338,87,38
2339,User2339,88,39
2340,User2340,89,40
2341,User2341,90,41
2342,User2342,91,42
2343,User2343,92,43
2344,User2344,93,44
2345,User2345,94,45
2346,User2346,95,46
2347,User2347,96,47
2348,User2348,97,48
2349,User2349,98,20
2350,User2350,99,21
2351,User2351,100,22
2352,User2352,80,23
2353,User2353,81,24
2354,User2354,82,25
2355,User2355,83,26
2356,User2356,84,27
2357,User2357,85,28
2358,User2358,86,29
2359,User2359,87,30
2360,User2360,88,31
2361,User2361,89,32
2362,User2362,90,33
2363,User2363,91,34
2364,User2364,92,35
2365,User2365,93,36
2366,User2366,94,37
2367,User2367,95,38
2368,User2368,96,39
2369,User2369,97,40
2370,User2370,98,41
2371,User2371,99,42
2372,User2372,100,43
2373,User2373,80,44
2374,User2374,81,45
2375,User2375,82,46
2376,User2376,83,47
2377,User2377,84,48
2378,User2378,85,20
2379,User2379,86,21
2380,User2380,87,22
2381,User2381,88,23
2382,User2382,89,24
2383,User2383,90,25
2384,User2384,91,26
2385,User2385,92,27
2386,User2386,93,28
2387,User2387,94,29
2388,User2388,95,30
2389,User2389,96,31
2390,User2390,97,32
2391,User2391,98,33
2392,User2392,99,34
2393,User2393,100,35
2394,User2394,80,36
2395,User2395,81,37
2396,User2396,82,38
2397,User2397,83,39
2398,User2398,84,40
2399,User2399,85,41
2400,User2400,86,42
2401,User2401,87,43
2402,User2402,88,44
2403,User2403,89,45
2404,User2404,90,46
2405,User2405,91,47
2406,User2406,92,48
2407,User2407,93,20
2408,User2408,94,21
2409,User2409,95,22
2410,User2410,96,23
2411,User2411,97,24
2412,User2412,98,25
2413,User2413,99,26
2414,User2414,100,27
2415,User2415,80,28
2416,User2416,81,29
2417,User2417,82,30
2418,User2418,83,31
2419,User2419,84,32
2420,User2420,85,33
2421,User2421,86,34
2422,User2422,87,35
2423,User2423,88,36
2424,User2424,89,37
2425,User2425,90,38
2426,User2426,91,39
2427,User2427,92,40
2428,User2428,93,41
2429,User2429,94,42
2430,User2430,95,43
2431,User2431,96,44
2432,User2432,97,45
2433,User2433,98,46
2434,User2434,99,47
2435,User2435,100,48
2436,User2436,80,20
2437,User2437,81,21
2438,User2438,82,22
2439,User2439,83,23
2440,User2440,84,24
2441,User2441,85,25
2442,User2442,86,26
2443,User2443,87,27
2444,User2444,88,28
2445,User2445,89,29
2446,User2446,90,30
2447,User2447,91,31
2448,User2448,92,32
2449,User2449,93,33
2450,User2450,94,34
2451,User2451,95,35
2452,User2452,96,36
2453,User2453,97,37
2454,User2454,98,38
2455,User2455,99,39
2456,User2456,100,40
2457,User2457,80,41
2458,User2458,81,42
2459,User2459,82,43
2460,User2460,83,44
2461,User2461,84,45
2462,User2462,85,46
2463,User2463,86,47
2464,User2464,87,48
2465,User2465,88,20
2466,User2466,89,21
2467,User2467,90,22
2468,User2468,91,23
2469,User2469,92,24
2470,User2470,93,25
2471,User2471,94,26
2472,User2472,95,27
2473,User2473,96,28
2474,User2474,97,29
2475,User2475,98,30
2476,User2476,99,31
2477,User2477,100,32
2478,User2478,80,33
2479,User2479,81,34
2480,User2480,82,35
2481,User2481,83,36
2482,User2482,84,37
2483,User2483,85,38
2484,User2484,86,39
2485,User2485,87,40
2486,User2486,88,41
2487,User2487,89,42
2488,User2488,90,43
2489,User2489,91,44
2490,User2490,92,45
2491,User2491,93,46
2492,User2492,94,47
2493,User2493,95,48
2494,User2494,96,20
2495,User2495,97,21
2496,User2496,98,22
2497,User2497,99,23
2498,User2498,100,24
2499,User2499,80,25
2500,User2500,81,26
2501,User2501,82,27
2502,User2502,83,28
2503,User2503,84,29
2504,User2504,85,30
2505,User2505,86,31
2506,User2506,87,32
2507,User2507,88,33
2508,User2508,89,34
2509,User2509,90,35
2510,User2510,91,36
2511,User2511,92,37
2512,User2512,93,38
2513,User2513,94,39
2514,User2514,95,40
2515,User2515,96,41
2516,User2516,97,42
2517,User2517,98,43
2518,User2518,99,44
2519,User2519,100,45
2520,User2520,80,46
2521,User2521,81,47
2522,User2522,82,48
2523,User2523,83,20
2524,User2524,84,21
2525,User2525,85,22
2526,User2526,86,23
2527,User2527,87,24
2528,User2528,88,25
2529,User2529,89,26
2530,User2530,90,27
2531,User2531,91,28
2532,User2532,92,29
2533,User2533,93,30
2534,User2534,94,31
2535,User2535,95,32
2536,User2536,96,33
2537,User2537,97,34
2538,User2538,98,35
2539,User2539,99,36
2540,User2540,100,37
2541,User2541,80,38
2542,User2542,81,39
2543,User2543,82,40
2544,User2544,83,41
2545,User2545,84,42
2546,User2546,85,43
2547,User2547,86,44
2548,User2548,87,45
2549,User2549,88,46
2550,User2550,89,47
2551,User2551,90,48
2552,User2552,91,20
2553,User2553,92,21
2554,User2554,93,22
2555,User2555,94,23
2556,User2556,95,24
2557,User2557,96,25
2558,User2558,97,26
2559,User2559,98,27
2560,User2560,99,28
2561,User2561,100,29
2562,User2562,80,30
2563,User2563,81,31
2564,User2564,82,32
2565,User2565,83,33
2566,User2566,84,34
2567,User2567,85,35
2568,User2568,86,36
2569,User2569,87,37
2570,User2570,88,38
2571,User2571,89,39
2572,User2572,90,40
2573,User2573,91,41
2574,User2574,92,42
2575,User2575,93,43
2576,User2576,94,44
2577,User2577,95,45
2578,User2578,96,46
2579,User2579,97,47
2580,User2580,98,48
2581,User2581,99,20
2582,User2582,100,21
2583,User2583,80,22
2584,User2584,81,23
2585,User2585,82,24
2586,User2586,83,25
2587,User2587,84,26
2588,User2588,85,27
2589,User2589,86,28
2590,User2590,87,29
2591,User2591,88,30
2592,User2592,89,31
2593,User2593,90,32
2594,User2594,91,33
2595,User2595,92,34
2596,User2596,93,35
2597,User2597,94,36
2598,User2598,95,37
2599,User2599,96,38
2600,User2600,97,39
2601,User2601,98,40
2602,User2602,99,41
2603,User2603,100,42
2604,User2604,80,43
2605,User2605,81,44
2606,User2606,82,45
2607,User2607,83,46
2608,User2608,84,47
2609,User2609,85,48
2610,User2610,86,20
2611,User2611,87,21
2612,User2612,88,22
2613,User2613,89,23
2614,User2614,90,24
2615,User2615,91,25
2616,User2616,92,26
2617,User2617,93,27
2618,User2618,94,28
2619,User2619,95,29
2620,User2620,96,30
2621,User2621,97,31
2622,User2622,98,32
2623,User2623,99,33
2624,User2624,100,34
2625,User2625,80,35
2626,User2626,81,36
2627,User2627,82,37
2628,User2628,83,38
2629,User2629,84,39
2630,User2630,85,40
2631,User2631,86,41
2632,User2632,87,42
2633,User2633,88,43
2634,User2634,89,44
2635,User2635,90,45
2636,User2636,91,46
2637,User2637,92,47
2638,User2638,93,48
2639,User2639,94,20
2640,User2640,95,21
2641,User2641,96,22
2642,User2642,97,23
2643,User2643,98,24
2644,User2644,99,25
2645,User2645,100,26
2646,User2646,80,27
2647,User2647,81,28
2648,User2648,82,29
2649,User2649,83,30
2650,User2650,84,31
2651,User2651,85,32
2652,User2652,86,33
2653,User2653,87,34
2654,User2654,88,35
2655,User2655,89,36
2656,User2656,90,37
2657,User2657,91,38
2658,User2658,92,39
2659,User2659,93,40
2660,User2660,94,41
2661,User2661,95,42
2662,User2662,96,43
2663,User2663,97,44
2664,User2664,98,45
2665,User2665,99,46
2666,User2666,100,47
2667,User2667,80,48
2668,User2668,81,20
2669,User2669,82,21
2670,User2670,83,22
2671,User2671,84,23
2672,User2672,85,24
2673,User2673,86,25
2674,User2674,87,26
2675,User2675,88,27
2676,User2676,89,28
2677,User2677,90,29
2678,User2678,91,30
2679,User2679,92,31
2680,User2680,93,32
2681,User2681,94,33
2682,User2682,95,34
2683,User2683,96,35
2684,User2684,97,36
2685,User2685,98,37
2686,User2686,99,38
2687,User2687,100,39
2688,User2688,80,40
2689,User2689,81,41
2690,User2690,82,42
2691,User2691,83,43
2692,User2692,84,44
2693,User2693,85,45
2694,User2694,86,46
2695,User2695,87,47
2696,User2696,88,48
2697,User2697,89,20
2698,User2698,90,21
2699,User2699,91,22
2700,User2700,92,23
2701,User2701,93,24
2702,User2702,94,25
2703,User2703,95,26
2704,User2704,96,27
2705,User2705,97,28
2706,User2706,98,29
2707,User2707,99,30
2708,User2708,100,31
2709,User2709,80,32
2710,User2710,81,33
2711,User2711,82,34
2712,User2712,83,35
2713,User2713,84,36
2714,User2714,85,37
2715,User2715,86,38
2716,User2716,87,39
2717,User2717,88,40
2718,User2718,89,41
2719,User2719,90,42
2720,User2720,91,43
2721,User2721,92,44
2722,User2722,93,45
2723,User2723,94,46
2724,User2724,95,47
2725,User2725,96,48
2726,User2726,97,20
2727,User2727,98,21
2728,User2728,99,22
2729,User2729,100,23
2730,User2730,80,24
2731,User2731,81,25
2732,User2732,82,26
2733,User2733,83,27
2734,User2734,84,28
2735,User2735,85,29
2736,User2736,86,30
2737,User2737,87,31
2738,User2738,88,32
2739,User2739,89,33
2740,User2740,90,34
2741,User2741,91,35
2742,User2742,92,36
2743,User2743,93,37
2744,User2744,94,38
2745,User2745,95,39
2746,User2746,96,40
2747,User2747,97,41
2748,User2748,98,42
2749,User2749,99,43
2750,User2750,100,44
2751,User2751,80,45
2752,User2752,81,46
2753,User2753,82,47
2754,User2754,83,48
2755,User2755,84,20
2756,User2756,85,21
2757,User2757,86,22
2758,User2758,87,23
2759,User2759,88,24
2760,User2760,89,25
2761,User2761,90,26
2762,User2762,91,27
2763,User2763,92,28
2764,User2764,93,29
2765,User2765,94,30
2766,User2766,95,31
2767,User2767,96,32
2768,User2768,97,33
2769,User2769,98,34
2770,User2770,99,35
2771,User2771,100,36
2772,User2772,80,37
2773,User2773,81,38
2774,User2774,82,39
2775,User2775,83,40
2776,User2776,84,41
2777,User2777,85,42
2778,User2778,86,43
2779,User2779,87,44
2780,User2780,88,45
2781,User2781,89,46
2782,User2782,90,47
2783,User2783,91,48
2784,User2784,92,20
2785,User2785,93,21
2786,User2786,94,22
2787,User2787,95,23
2788,User2788,96,24
2789,User2789,97,25
2790,User2790,98,26
2791,User2791,99,27
2792,User2792,100,28
2793,User2793,80,29
2794,User2794,81,30
2795,User2795,82,31
2796,User2796,83,32
2797,User2797,84,33
2798,User2798,85,34
2799,User2799,86,35
2800,User2800,87,36
2801,User2801,88,37
2802,User2802,89,38
2803,User2803,90,39
2804,User2804,91,40
2805,User2805,92,41
2806,User2806,93,42
2807,User2807,94,43
2808,User2808,95,44
2809,User2809,96,45
2810,User2810,97,46
2811,User2811,98,47
2812,User2812,99,48
2813,User2813,100,20
2814,User2814,80,21
2815,User2815,81,22
2816,User2816,82,23
2817,User2817,83,24
2818,User2818,84,25
2819,User2819,85,26
2820,User2820,86,27
2821,User2821,87,28
2822,User2822,88,29
2823,User2823,89,30
2824,User2824,90,31
2825,User2825,91,32
2826,User2826,92,33
2827,User2827,93,34
2828,User2828,94,35
2829,User2829,95,36
2830,User2830,96,37
2831,User2831,97,38
2832,User2832,98,39
2833,User2833,99,40
2834,User2834,100,41
2835,User2835,80,42
2836,User2836,81,43
2837,User2837,82,44
2838,User2838,83,45
2839,User2839,84,46
2840,User2840,85,47
2841,User2841,86,48
2842,User2842,87,20
2843,User2843,88,21
2844,User2844,89,22
2845,User2845,90,23
2846,User2846,91,24
2847,User2847,92,25
2848,User2848,93,26
2849,User2849,94,27
2850,User2850,95,28
2851,User2851,96,29
2852,User2852,97,30
2853,User2853,98,31
2854,User2854,99,32
2855,User2855,100,33
2856,User2856,80,34
2857,User2857,81,35
2858,User2858,82,36
2859,User2859,83,37
2860,User2860,84,38
2861,User2861,85,39
2862,User2862,86,40
2863,User2863,87,41
2864,User2864,88,42
2865,User2865,89,43
2866,User2866,90,44
2867,User2867,91,45
2868,User2868,92,46
2869,User2869,93,47
2870,User2870,94,48
2871,User2871,95,20
2872,User2872,96,21
2873,User2873,97,22
2874,User2874,98,23
2875,User2875,99,24
2876,User2876,100,25
2877,User2877,80,26
2878,User2878,81,27
2879,User2879,82,28
2880,User2880,83,29
2881,User2881,84,30
2882,User2882,85,31
2883,User2883,86,32
2884,User2884,87,33
2885,User2885,88,34
2886,User2886,89,35
2887,User2887,90,36
2888,User2888,91,37
2889,User2889,92,38
2890,User2890,93,39
2891,User2891,94,40
2892,User2892,95,41
2893,User2893,96,42
2894,User2894,97,43
2895,User2895,98,44
2896,User2896,99,45
2897,User2897,100,46
2898,User2898,80,47
2899,User2899,81,48
2900,User2900,82,20
2901,User2901,83,21
2902,User2902,84,22
2903,User2903,85,23
2904,User2904,86,24
2905,User2905,87,25
2906,User2906,88,26
2907,User2907,89,27
2908,User2908,90,28
2909,User2909,91,29
2910,User2910,92,30
2911,User2911,93,31
2912,User2912,94,32
2913,User2913,95,33
2914,User2914,96,34
2915,User2915,97,35
2916,User2916,98,36
2917,User2917,99,37
2918,User2918,100,38
2919,User2919,80,39
2920,User2920,81,40
2921,User2921,82,41
2922,User2922,83,42
2923,User2923,84,43
2924,User2924,85,44
2925,User2925,86,45
2926,User2926,87,46
2927,User2927,88,47
2928,User2928,89,48
2929,User2929,90,20
2930,User2930,91,21
2931,User2931,92,22
2932,User2932,93,23
2933,User2933,94,24
2934,User2934,95,25
2935,User2935,96,26
2936,User2936,97,27
2937,User2937,98,28
2938,User2938,99,29
2939,User2939,100,30
2940,User2940,80,31
2941,User2941,81,32
2942,User2942,82,33
2943,User2943,83,34
2944,User2944,84,35
2945,User2945,85,36
2946,User2946,86,37
2947,User2947,87,38
2948,User2948,88,39
2949,User2949,89,40
2950,User2950,90,41
2951,User2951,91,42
2952,User2952,92,43
2953,User2953,93,44
2954,User2954,94,45
2955,User2955,95,46
2956,User2956,96,47
2957,User2957,97,48
2958,User2958,98,20
2959,User2959,99,21
2960,User2960,100,22
2961,User2961,80,23
2962,User2962,81,24
2963,User2963,82,25
2964,User2964,83,26
2965,User2965,84,27
2966,User2966,85,28
2967,User2967,86,29
2968,User2968,87,30
2969,User2969,88,31
2970,User2970,89,32
2971,User2971,90,33
2972,User2972,91,34
2973,User2973,92,35
2974,User2974,93,36
2975,User2975,94,37
2976,User2976,95,38
2977,User2977,96,39
2978,User2978,97,40
2979,User2979,98,41
2980,User2980,99,42
2981,User2981,100,43
2982,User2982,80,44
2983,User2983,81,45
2984,User2984,82,46
2985,User2985,83,47
2986,User2986,84,48
2987,User2987,85,20
2988,User2988,86,21
2989,User2989,87,22
2990,User2990,88,23
2991,User2991,89,24
2992,User2992,90,25
2993,User2993,91,26
2994,User2994,92,27
2995,User2995,93,28
2996,User2996,94,29
2997,User2997,95,30
2998,User2998,96,31
2999,User2999,97,32
3000,User3000,98,33
3001,User3001,99,34
3002,User3002,100,35
3003,User3003,80,36
3004,User3004,81,37
3005,User3005,82,38
3006,User3006,83,39
3007,User3007,84,40
3008,User3008,85,41
3009,User3009,86,42
3010,User3010,87,43
3011,User3011,88,44
3012,User3012,89,45
3013,User3013,90,46
3014,User3014,91,47
3015,User3015,92,48
3016,User3016,93,20
3017,User3017,94,21
3018,User3018,95,22
3019,User3019,96,23
3020,User3020,97,24
3021,User3021,98,25
3022,User3022,99,26
3023,User3023,100,27
3024,User3024,80,28
3025,User3025,81,29
3026,User3026,82,30
3027,User3027,83,31
3028,User3028,84,32
3029,User3029,85,33
3030,User3030,86,34
3031,User3031,87,35
3032,User3032,88,36
3033,User3033,89,37
3034,User3034,90,38
3035,User3035,91,39
3036,User3036,92,40
3037,User3037,93,41
3038,User3038,94,42
3039,User3039,95,43
3040,User3040,96,44
3041,User3041,97,45
3042,User3042,98,46
3043,User3043,99,47
3044,User3044,100,48
3045,User3045,80,20
3046,User3046,81,21
3047,User3047,82,22
3048,User3048,83,23
3049,User3049,84,24
3050,User3050,85,25
3051,User3051,86,26
3052,User3052,87,27
3053,User3053,88,28
3054,User3054,89,29
3055,User3055,90,30
3056,User3056,91,31
3057,User3057,92,32
3058,User3058,93,33
3059,User3059,94,34
3060,User3060,95,35
3061,User3061,96,36
3062,User3062,97,37
3063,User3063,98,38
3064,User3064,99,39
3065,User3065,100,40
3066,User3066,80,41
3067,User3067,81,42
3068,User3068,82,43
3069,User3069,83,44
3070,User3070,84,45
3071,User3071,85,46
3072,User3072,86,47
3073,User3073,87,48
3074,User3074,88,20
3075,User3075,89,21
3076,User3076,90,22
3077,User3077,91,23
3078,User3078,92,24
3079,User3079,93,25
3080,User3080,94,26
3081,User3081,95,27
3082,User3082,96,28
3083,User3083,97,29
3084,User3084,98,30
3085,User3085,99,31
3086,User3086,100,32
3087,User3087,80,33
3088,User3088,81,34
3089,User3089,82,35
3090,User3090,83,36
3091,User3091,84,37
3092,User3092,85,38
3093,User3093,86,39
3094,User3094,87,40
3095,User3095,88,41
3096,User3096,89,42
3097,User3097,90,43
3098,User3098,91,44
3099,User3099,92,45
3100,User3100,93,46
3101,User3101,94,47
3102,User3102,95,48
3103,User3103,96,20
3104,User3104,97,21
3105,User3105,98,22
3106,User3106,99,23
3107,User3107,100,24
3108,User3108,80,25
3109,User3109,81,26
3110,User3110,82,27
3111,User3111,83,28
3112,User3112,84,29
3113,User3113,85,30
3114,User3114,86,31
3115,User3115,87,32
3116,User3116,88,33
3117,User3117,89,34
3118,User3118,90,35
3119,User3119,91,36
3120,User3120,92,37
3121,User3121,93,38
3122,User3122,94,39
3123,User3123,95,40
3124,User3124,96,41
3125,User3125,97,42
3126,User3126,98,43
3127,User3127,99,44
3128,User3128,100,45
3129,User3129,80,46
3130,User3130,81,47
3131,User3131,82,48
3132,User3132,83,20
3133,User3133,84,21
3134,User3134,85,22
3135,User3135,86,23
3136,User3136,87,24
3137,User3137,88,25
3138,User3138,89,26
3139,User3139,90,27
3140,User3140,91,28
3141,User3141,92,29
3142,User3142,93,30
3143,User3143,94,31
3144,User3144,95,32
3145,User3145,96,33
3146,User3146,97,34
3147,User3147,98,35
3148,User3148,99,36
3149,User3149,100,37
3150,User3150,80,38
3151,User3151,81,39
3152,User3152,82,40
3153,User3153,83,41
3154,User3154,84,42
3155,User3155,85,43
3156,User3156,86,44
3157,User3157,87,45
3158,User3158,88,46
3159,User3159,89,47
3160,User3160,90,48
3161,User3161,91,20
3162,User3162,92,21
3163,User3163,93,22
3164,User3164,94,23
3165,User3165,95,24
3166,User3166,96,25
3167,User3167,97,26
3168,User3168,98,27
3169,User3169,99,28
3170,User3170,100,29
3171,User3171,80,30
3172,User3172,81,31
3173,User3173,82,32
3174,User3174,83,33
3175,User3175,84,34
3176,User3176,85,35
3177,User3177,86,36
3178,User3178,87,37
3179,User3179,88,38
3180,User3180,89,39
3181,User3181,90,40
3182,User3182,91,41
3183,User3183,92,42
3184,User3184,93,43
3185,User3185,94,44
3186,User3186,95,45
3187,User3187,96,46
3188,User3188,97,47
3189,User3189,98,48
3190,User3190,99,20
3191,User3191,100,21
3192,User3192,80,22
3193,User3193,81,23
3194,User3194,82,24
3195,User3195,83,25
3196,User3196,84,26
3197,User3197,85,27
3198,User3198,86,28
3199,User3199,87,29
3200,User3200,88,30
3201,User3201,89,31
3202,User3202,90,32
3203,User3203,91,33
3204,User3204,92,34
3205,User3205,93,35
3206,User3206,94,36
3207,User3207,95,37
3208,User3208,96,38
3209,User3209,97,39
3210,User3210,98,40
3211,User3211,99,41
3212,User3212,100,42
3213,User3213,80,43
3214,User3214,81,44
3215,User3215,82,45
3216,User3216,83,46
3217,User3217,84,47
3218,User3218,85,48
3219,User3219,86,20
3220,User3220,87,21
3221,User3221,88,22
3222,User3222,89,23
3223,User3223,90,24
3224,User3224,91,25
3225,User3225,92,26
3226,User3226,93,27
3227,User3227,94,28
3228,User3228,95,29
3229,User3229,96,30
3230,User3230,97,31
3231,User3231,98,32
3232,User3232,99,33
3233,User3233,100,34
3234,User3234,80,35
3235,User3235,81,36
3236,User3236,82,37
3237,User3237,83,38
3238,User3238,84,39
3239,User3239,85,40
3240,User3240,86,41
3241,User3241,87,42
3242,User3242,88,43
3243,User3243,89,44
3244,User3244,90,45
3245,User3245,91,46
3246,User3246,92,47
3247,User3247,93,48
3248,User3248,94,20
3249,User3249,95,21
3250,User3250,96,22
3251,User3251,97,23
3252,User3252,98,24
3253,User3253,99,25
3254,User3254,100,26
3255,User3255,80,27
3256,User3256,81,28
3257,User3257,82,29
3258,User3258,83,30
3259,User3259,84,31
3260,User3260,85,32
3261,User3261,86,33
3262,User3262,87,34
3263,User3263,88,35
3264,User3264,89,36
3265,User3265,90,37
3266,User3266,91,38
3267,User3267,92,39
3268,User3268,93,40
3269,User3269,94,41
3270,User3270,95,42
3271,User3271,96,43
3272,User3272,97,44
3273,User3273,98,45
3274,User3274,99,46
3275,User3275,100,47
3276,User3276,80,48
3277,User3277,81,20
3278,User3278,82,21
3279,User3279,83,22
3280,User3280,84,23
3281,User3281,85,24
3282,User3282,86,25
3283,User3283,87,26
3284,User3284,88,27
3285,User3285,89,28
3286,User3286,90,29
3287,User3287,91,30
3288,User3288,92,31
3289,User3289,93,32
3290,User3290,94,33
3291,User3291,95,34
3292,User3292,96,35
3293,User3293,97,36
3294,User3294,98,37
3295,User3295,99,38
3296,User3296,100,39
3297,User3297,80,40
3298,User3298,81,41
3299,User3299,82,42
3300,User3300,83,43
3301,User3301,84,44
3302,User3302,85,45
3303,User3303,86,46
3304,User3304,87,47
3305,User3305,88,48
3306,User3306,89,20
3307,User3307,90,21
3308,User3308,91,22
3309,User3309,92,23
3310,User3310,93,24
3311,User3311,94,25
3312,User3312,95,26
3313,User3313,96,27
3314,User3314,97,28
3315,User3315,98,29
3316,User3316,99,30
3317,User3317,100,31
3318,User3318,80,32
3319,User3319,81,33
3320,User3320,82,34
3321,User3321,83,35
3322,User3322,84,36
3323,User3323,85,37
3324,User3324,86,38
3325,User3325,87,39
3326,User3326,88,40
3327,User3327,89,41
3328,User3328,90,42
3329,User3329,91,43
3330,User3330,92,44
3331,User3331,93,45
3332,User3332,94,46
3333,User3333,95,47
3334,User3334,96,48
3335,User3335,97,20
3336,User3336,98,21
3337,User3337,99,22
3338,User3338,100,23
3339,User3339,80,24
3340,User3340,81,25
3341,User3341,82,26
3342,User3342,83,27
3343,User3343,84,28
3344,User3344,85,29
3345,User3345,86,30
3346,User3346,87,31
3347,User3347,88,32
3348,User3348,89,33
3349,User3349,90,34
3350,User3350,91,35
3351,User3351,92,36
3352,User3352,93,37
3353,User3353,94,38
3354,User3354,95,39
3355,User3355,96,40
3356,User3356,97,41
3357,User3357,98,42
3358,User3358,99,43
3359,User3359,100,44
3360,User3360,80,45
3361,User3361,81,46
3362,User3362,82,47
3363,User3363,83,48
3364,User3364,84,20
3365,User3365,85,21
3366,User3366,86,22
3367,User3367,87,23
3368,User3368,88,24
3369,User3369,89,25
3370,User3370,90,26
3371,User3371,91,27
3372,User3372,92,28
3373,User3373,93,29
3374,User3374,94,30
3375,User3375,95,31
3376,User3376,96,32
3377,User3377,97,33
3378,User3378,98,34
3379,User3379,99,35
3380,User3380,100,36
3381,User3381,80,37
3382,User3382,81,38
3383,User3383,82,39
3384,User3384,83,40
3385,User3385,84,41
3386,User3386,85,42
3387,User3387,86,43
3388,User3388,87,44
3389,User3389,88,45
3390,User3390,89,46
3391,User3391,90,47
3392,User3392,91,48
3393,User3393,92,20
3394,User3394,93,21
3395,User3395,94,22
3396,User3396,95,23
3397,User3397,96,24
3398,User3398,97,25
3399,User3399,98,26
3400,User3400,99,27
3401,User3401,100,28
3402,User3402,80,29
3403,User3403,81,30
3404,User3404,82,31
3405,User3405,83,32
3406,User3406,84,33
3407,User3407,85,34
3408,User3408,86,35
3409,User3409,87,36
3410,User3410,88,37
3411,User3411,89,38
3412,User3412,90,39
3413,User3413,91,40
3414,User3414,92,41
3415,User3415,93,42
3416,User3416,94,43
3417,User3417,95,44
3418,User3418,96,45
3419,User3419,97,46
3420,User3420,98,47
3421,User3421,99,48
3422,User3422,100,20
3423,User3423,80,21
3424,User3424,81,22
3425,User3425,82,23
3426,User3426,83,24
3427,User3427,84,25
3428,User3428,85,26
3429,User3429,86,27
3430,User3430,87,28
3431,User3431,88,29
3432,User3432,89,30
3433,User3433,90,31
3434,User3434,91,32
3435,User3435,92,33
3436,User3436,93,34
3437,User3437,94,35
3438,User3438,95,36
3439,User3439,96,37
3440,User3440,97,38
3441,User3441,98,39
3442,User3442,99,40
3443,User3443,100,41
3444,User3444,80,42
3445,User3445,81,43
3446,User3446,82,44
3447,User3447,83,45
3448,User3448,84,46
3449,User3449,85,47
3450,User3450,86,48
3451,User3451,87,20
3452,User3452,88,21
3453,User3453,89,22
3454,User3454,90,23
3455,User3455,91,24
3456,User3456,92,25
3457,User3457,93,26
3458,User3458,94,27
3459,User3459,95,28
3460,User3460,96,29
3461,User3461,97,30
3462,User3462,98,31
3463,User3463,99,32
3464,User3464,100,33
3465,User3465,80,34
3466,User3466,81,35
3467,User3467,82,36
3468,User3468,83,37
3469,User3469,84,38
3470,User3470,85,39
3471,User3471,86,40
3472,User3472,87,41
3473,User3473,88,42
3474,User3474,89,43
3475,User3475,90,44
3476,User3476,91,45
3477,User3477,92,46
3478,User3478,93,47
3479,User3479,94,48
3480,User3480,95,20
3481,User3481,96,21
3482,User3482,97,22
3483,User3483,98,23
3484,User3484,99,24
3485,User3485,100,25
3486,User3486,80,26
3487,User3487,81,27
3488,User3488,82,28
3489,User3489,83,29
3490,User3490,84,30
3491,User3491,85,31
3492,User3492,86,32
3493,User3493,87,33
3494,User3494,88,34
3495,User3495,89,35
3496,User3496,90,36
3497,User3497,91,37
3498,User3498,92,38
3499,User3499,93,39
3500,User3500,94,40
3501,User3501,95,41
3502,User3502,96,42
3503,User3503,97,43
3504,User3504,98,44
3505,User3505,99,45
3506,User3506,100,46
3507,User3507,80,47
3508,User3508,81,48
3509,User3509,82,20
3510,User3510,83,21
3511,User3511,84,22
3512,User3512,85,23
3513,User3513,86,24
3514,User3514,87,25
3515,User3515,88,26
3516,User3516,89,27
3517,User3517,90,28
3518,User3518,91,29
3519,User3519,92,30
3520,User3520,93,31
3521,User3521,94,32
3522,User3522,95,33
3523,User3523,96,34
3524,User3524,97,35
3525,User3525,98,36
3526,User3526,99,37
3527,User3527,100,38
3528,User3528,80,39
3529,User3529,81,40
3530,User3530,82,41
3531,User3531,83,42
3532,User3532,84,43
3533,User3533,85,44
3534,User3534,86,45
3535,User3535,87,46
3536,User3536,88,47
3537,User3537,89,48
3538,User3538,90,20
3539,User3539,91,21
3540,User3540,92,22
3541,User3541,93,23
3542,User3542,94,24
3543,User3543,95,25
3544,User3544,96,26
3545,User3545,97,27
3546,User3546,98,28
3547,User3547,99,29
3548,User3548,100,30
3549,User3549,80,31
3550,User3550,81,32
3551,User3551,82,33
3552,User3552,83,34
3553,User3553,84,35
3554,User3554,85,36
3555,User3555,86,37
3556,User3556,87,38
3557,User3557,88,39
3558,User3558,89,40
3559,User3559,90,41
3560,User3560,91,42
3561,User3561,92,43
3562,User3562,93,44
3563,User3563,94,45
3564,User3564,95,46
3565,User3565,96,47
3566,User3566,97,48
3567,User3567,98,20
3568,User3568,99,21
3569,User3569,100,22
3570,User3570,80,23
3571,User3571,81,24
3572,User3572,82,25
3573,User3573,83,26
3574,User3574,84,27
3575,User3575,85,28
3576,User3576,86,29
3577,User3577,87,30
3578,User3578,88,31
3579,User3579,89,32
3580,User3580,90,33
3581,User3581,91,34
3582,User3582,92,35
3583,User3583,93,36
3584,User3584,94,37
3585,User3585,95,38
3586,User3586,96,39
3587,User3587,97,40
3588,User3588,98,41
3589,User3589,99,42
3590,User3590,100,43
3591,User3591,80,44
3592,User3592,81,45
3593,User3593,82,46
3594,User3594,83,47
3595,User3595,84,48
3596,User3596,85,20
3597,User3597,86,21
3598,User3598,87,22
3599,User3599,88,23
3600,User3600,89,24
3601,User3601,90,25
3602,User3602,91,26
3603,User3603,92,27
3604,User3604,93,28
3605,User3605,94,29
3606,User3606,95,30
3607,User3607,96,31
3608,User3608,97,32
3609,User3609,98,33
3610,User3610,99,34
3611,User3611,100,35
3612,User3612,80,36
3613,User3613,81,37
3614,User3614,82,38
3615,User3615,83,39
3616,User3616,84,40
3617,User3617,85,41
3618,User3618,86,42
3619,User3619,87,43
3620,User3620,88,44
3621,User3621,89,45
3622,User3622,90,46
3623,User3623,91,47
3624,User3624,92,48
3625,User3625,93,20
3626,User3626,94,21
3627,User3627,95,22
3628,User3628,96,23
3629,User3629,97,24
3630,User3630,98,25
3631,User3631,99,26
3632,User3632,100,27
3633,User3633,80,28
3634,User3634,81,29
3635,User3635,82,30
3636,User3636,83,31
3637,User3637,84,32
3638,User3638,85,33
3639,User3639,86,34
3640,User3640,87,35
3641,User3641,88,36
3642,User3642,89,37
3643,User3643,90,38
3644,User3644,91,39
3645,User3645,92,40
3646,User3646,93,41
3647,User3647,94,42
3648,User3648,95,43
3649,User3649,96,44
3650,User3650,97,45
3651,User3651,98,46
3652,User3652,99,47
3653,User3653,100,48
3654,User3654,80,20
3655,User3655,81,21
3656,User3656,82,22
3657,User3657,83,23
3658,User3658,84,24
3659,User3659,85,25
3660,User3660,86,26
3661,User3661,87,27
3662,User3662,88,28
3663,User3663,89,29
3664,User3664,90,30
3665,User3665,91,31
3666,User3666,92,32
3667,User3667,93,33
3668,User3668,94,34
3669,User3669,95,35
3670,User3670,96,36
3671,User3671,97,37
3672,User3672,98,38
3673,User3673,99,39
3674,User3674,100,40
3675,User3675,80,41
3676,User3676,81,42
3677,User3677,82,43
3678,User3678,83,44
3679,User3679,84,45
3680,User3680,85,46
3681,User3681,86,47
3682,User3682,87,48
3683,User3683,88,20
3684,User3684,89,21
3685,User3685,90,22
3686,User3686,91,23
3687,User3687,92,24
3688,User3688,93,25
3689,User3689,94,26
3690,User3690,95,27
3691,User3691,96,28
3692,User3692,97,29
3693,User3693,98,30
3694,User3694,99,31
3695,User3695,100,32
3696,User3696,80,33
3697,User3697,81,34
3698,User3698,82,35
3699,User3699,83,36
3700,User3700,84,37
3701,User3701,85,38
3702,User3702,86,39
3703,User3703,87,40
3704,User3704,88,41
3705,User3705,89,42
3706,User3706,90,43
3707,User3707,91,44
3708,User3708,92,45
3709,User3709,93,46
3710,User3710,94,47
3711,User3711,95,48
3712,User3712,96,20
3713,User3713,97,21
3714,User3714,98,22
3715,User3715,99,23
3716,User3716,100,24
3717,User3717,80,25
3718,User3718,81,26
3719,User3719,82,27
3720,User3720,83,28
3721,User3721,84,29
3722,User3722,85,30
3723,User3723,86,31
3724,User3724,87,32
3725,User3725,88,33
3726,User3726,89,34
3727,User3727,90,35
3728,User3728,91,36
3729,User3729,92,37
3730,User3730,93,38
3731,User3731,94,39
3732,User3732,95,40
3733,User3733,96,41
3734,User3734,97,42
3735,User3735,98,43
3736,User3736,99,44
3737,User3737,100,45
3738,User3738,80,46
3739,User3739,81,47
3740,User3740,82,48
3741,User3741,83,20
3742,User3742,84,21
3743,User3743,85,22
3744,User3744,86,23
3745,User3745,87,24
3746,User3746,88,25
3747,User3747,89,26
3748,User3748,90,27
3749,User3749,91,28
3750,User3750,92,29
3751,User3751,93,30
3752,User3752,94,31
3753,User3753,95,32
3754,User3754,96,33
3755,User3755,97,34
3756,User3756,98,35
3757,User3757,99,36
3758,User3758,100,37
3759,User3759,80,38
3760,User3760,81,39
3761,User3761,82,40
3762,User3762,83,41
3763,User3763,84,42
3764,User3764,85,43
3765,User3765,86,44
3766,User3766,87,45
3767,User3767,88,46
3768,User3768,89,47
3769,User3769,90,48
3770,User3770,91,20
3771,User3771,92,21
3772,User3772,93,22
3773,User3773,94,23
3774,User3774,95,24
3775,User3775,96,25
3776,User3776,97,26
3777,User3777,98,27
3778,User3778,99,28
3779,User3779,100,29
3780,User3780,80,30
3781,User3781,81,31
3782,User3782,82,32
3783,User3783,83,33
3784,User3784,84,34
3785,User3785,85,35
3786,User3786,86,36
3787,User3787,87,37
3788,User3788,88,38
3789,User3789,89,39
3790,User3790,90,40
3791,User3791,91,41
3792,User3792,92,42
3793,User3793,93,43
3794,User3794,94,44
3795,User3795,95,45
3796,User3796,96,46
3797,User3797,97,47
3798,User3798,98,48
3799,User3799,99,20
3800,User3800,100,21
3801,User3801,80,22
3802,User3802,81,23
3803,User3803,82,24
3804,User3804,83,25
3805,User3805,84,26
3806,User3806,85,27
3807,User3807,86,28
3808,User3808,87,29
3809,User3809,88,30
3810,User3810,89,31
3811,User3811,90,32
3812,User3812,91,33
3813,User3813,92,34
3814,User3814,93,35
3815,User3815,94,36
3816,User3816,95,37
3817,User3817,96,38
3818,User3818,97,39
3819,User3819,98,40
3820,User3820,99,41
3821,User3821,100,42
3822,User3822,80,43
3823,User3823,81,44
3824,User3824,82,45
3825,User3825,83,46
3826,User3826,84,47
3827,User3827,85,48
3828,User3828,86,20
3829,User3829,87,21
3830,User3830,88,22
3831,User3831,89,23
3832,User3832,90,24
3833,User3833,91,25
3834,User3834,92,26
3835,User3835,93,27
3836,User3836,94,28
3837,User3837,95,29
3838,User3838,96,30
3839,User3839,97,31
3840,User3840,98,32
3841,User3841,99,33
3842,User3842,100,34
3843,User3843,80,35
3844,User3844,81,36
3845,User3845,82,37
3846,User3846,83,38
3847,User3847,84,39
3848,User3848,85,40
3849,User3849,86,41
3850,User3850,87,42
3851,User3851,88,43
3852,User3852,89,44
3853,User3853,90,45
3854,User3854,91,46
3855,User3855,92,47
3856,User3856,93,48
3857,User3857,94,20
3858,User3858,95,21
3859,User3859,96,22
3860,User3860,97,23
3861,User3861,98,24
3862,User3862,99,25
3863,User3863,100,26
3864,User3864,80,27
3865,User3865,81,28
3866,User3866,82,29
3867,User3867,83,30
3868,User3868,84,31
3869,User3869,85,32
3870,User3870,86,33
3871,User3871,87,34
3872,User3872,88,35
3873,User3873,89,36
3874,User3874,90,37
3875,User3875,91,38
3876,User3876,92,39
3877,User3877,93,40
3878,User3878,94,41
3879,User3879,95,42
3880,User3880,96,43
3881,User3881,97,44
3882,User3882,98,45
3883,User3883,99,46
3884,User3884,100,47
3885,User3885,80,48
3886,User3886,81,20
3887,User3887,82,21
3888,User3888,83,22
3889,User3889,84,23
3890,User3890,85,24
3891,User3891,86,25
3892,User3892,87,26
3893,User3893,88,27
3894,User3894,89,28
3895,User3895,90,29
3896,User3896,91,30
3897,User3897,92,31
3898,User3898,93,32
3899,User3899,94,33
3900,User3900,95,34
3901,User3901,96,35
3902,User3902,97,36
3903,User3903,98,37
3904,User3904,99,38
3905,User3905,100,39
3906,User3906,80,40
3907,User3907,81,41
3908,User3908,82,42
3909,User3909,83,43
3910,User3910,84,44
3911,User3911,85,45
3912,User3912,86,46
3913,User3913,87,47
3914,User3914,88,48
3915,User3915,89,20
3916,User3916,90,21
3917,User3917,91,22
3918,User3918,92,23
3919,User3919,93,24
3920,User3920,94,25
3921,User3921,95,26
3922,User3922,96,27
3923,User3923,97,28
3924,User3924,98,29
3925,User3925,99,30
3926,User3926,100,31
3927,User3927,80,32
3928,User3928,81,33
3929,User3929,82,34
3930,User3930,83,35
3931,User3931,84,36
3932,User3932,85,37
3933,User3933,86,38
3934,User3934,87,39
3935,User3935,88,40
3936,User3936,89,41
3937,User3937,90,42
3938,User3938,91,43
3939,User3939,92,44
3940,User3940,93,45
3941,User3941,94,46
3942,User3942,95,47
3943,User3943,96,48
3944,User3944,97,20
3945,User3945,98,21
3946,User3946,99,22
3947,User3947,100,23
3948,User3948,80,24
3949,User3949,81,25
3950,User3950,82,26
3951,User3951,83,27
3952,User3952,84,28
3953,User3953,85,29
3954,User3954,86,30
3955,User3955,87,31
3956,User3956,88,32
3957,User3957,89,33
3958,User3958,90,34
3959,User3959,91,35
3960,User3960,92,36
3961,User3961,93,37
3962,User3962,94,38
3963,User3963,95,39
3964,User3964,96,40
3965,User3965,97,41
3966,User3966,98,42
3967,User3967,99,43
3968,User3968,100,44
3969,User3969,80,45
3970,User3970,81,46
3971,User3971,82,47
3972,User3972,83,48
3973,User3973,84,20
3974,User3974,85,21
3975,User3975,86,22
3976,User3976,87,23
3977,User3977,88,24
3978,User3978,89,25
3979,User3979,90,26
3980,User3980,91,27
3981,User3981,92,28
3982,User3982,93,29
3983,User3983,94,30
3984,User3984,95,31
3985,User3985,96,32
3986,User3986,97,33
3987,User3987,98,34
3988,User3988,99,35
3989,User3989,100,36
3990,User3990,80,37
3991,User3991,81,38
3992,User3992,82,39
3993,User3993,83,40
3994,User3994,84,41
3995,User3995,85,42
3996,User3996,86,43
3997,User3997,87,44
3998,User3998,88,45
3999,User3999,89,46
4000,User4000,90,47
4001,User4001,91,48
4002,User4002,92,20
4003,User4003,93,21
4004,User4004,94,22
4005,User4005,95,23
4006,User4006,96,24
4007,User4007,97,25
4008,User4008,98,26
4009,User4009,99,27
4010,User4010,100,28
4011,User4011,80,29
4012,User4012,81,30
4013,User4013,82,31
4014,User4014,83,32
4015,User4015,84,33
4016,User4016,85,34
4017,User4017,86,35
4018,User4018,87,36
4019,User4019,88,37
4020,User4020,89,38
4021,User4021,90,39
4022,User4022,91,40
4023,User4023,92,41
4024,User4024,93,42
4025,User4025,94,43
4026,User4026,95,44
4027,User4027,96,45
4028,User4028,97,46
4029,User4029,98,47
4030,User4030,99,48
4031,User4031,100,20
4032,User4032,80,21
4033,User4033,81,22
4034,User4034,82,23
4035,User4035,83,24
4036,User4036,84,25
4037,User4037,85,26
4038,User4038,86,27
4039,User4039,87,28
4040,User4040,88,29
4041,User4041,89,30
4042,User4042,90,31
4043,User4043,91,32
4044,User4044,92,33
4045,User4045,93,34
4046,User4046,94,35
4047,User4047,95,36
4048,User4048,96,37
4049,User4049,97,38
4050,User4050,98,39
4051,User4051,99,40
4052,User4052,100,41
4053,User4053,80,42
4054,User4054,81,43
4055,User4055,82,44
4056,User4056,83,45
4057,User4057,84,46
4058,User4058,85,47
4059,User4059,86,48
4060,User4060,87,20
4061,User4061,88,21
4062,User4062,89,22
4063,User4063,90,23
4064,User4064,91,24
4065,User4065,92,25
4066,User4066,93,26
4067,User4067,94,27
4068,User4068,95,28
4069,User4069,96,29
4070,User4070,97,30
4071,User4071,98,31
4072,User4072,99,32
4073,User4073,100,33
4074,User4074,80,34
4075,User4075,81,35
4076,User4076,82,36
4077,User4077,83,37
4078,User4078,84,38
4079,User4079,85,39
4080,User4080,86,40
4081,User4081,87,41
4082,User4082,88,42
4083,User4083,89,43
4084,User4084,90,44
4085,User4085,91,45
4086,User4086,92,46
4087,User4087,93,47
4088,User4088,94,48
4089,User4089,95,20
4090,User4090,96,21
4091,User4091,97,22
4092,User4092,98,23
4093,User4093,99,24
4094,User4094,100,25
4095,User4095,80,26
4096,User4096,81,27
4097,User4097,82,28
4098,User4098,83,29
4099,User4099,84,30
4100,User4100,85,31
4101,User4101,86,32
4102,User4102,87,33
4103,User4103,88,34
4104,User4104,89,35
4105,User4105,90,36
4106,User4106,91,37
4107,User4107,92,38
4108,User4108,93,39
4109,User4109,94,40
4110,User4110,95,41
4111,User4111,96,42
4112,User4112,97,43
4113,User4113,98,44
4114,User4114,99,45
4115,User4115,100,46
4116,User4116,80,47
4117,User4117,81,48
4118,User4118,82,20
4119,User4119,83,21
4120,User4120,84,22
4121,User4121,85,23
4122,User4122,86,24
4123,User4123,87,25
4124,User4124,88,26
4125,User4125,89,27
4126,User4126,90,28
4127,User4127,91,29
4128,User4128,92,30
4129,User4129,93,31
4130,User4130,94,32
4131,User4131,95,33
4132,User4132,96,34
4133,User4133,97,35
4134,User4134,98,36
4135,User4135,99,37
4136,User4136,100,38
4137,User4137,80,39
4138,User4138,81,40
4139,User4139,82,41
4140,User4140,83,42
4141,User4141,84,43
4142,User4142,85,44
4143,User4143,86,45
4144,User4144,87,46
4145,User4145,88,47
4146,User4146,89,48
4147,User4147,90,20
4148,User4148,91,21
4149,User4149,92,22
4150,User4150,93,23
4151,User4151,94,24
4152,User4152,95,25
4153,User4153,96,26
4154,User4154,97,27
4155,User4155,98,28
4156,User4156,99,29
4157,User4157,100,30
4158,User4158,80,31
4159,User4159,81,32
4160,User4160,82,33
4161,User4161,83,34
4162,User4162,84,35
4163,User4163,85,36
4164,User4164,86,37
4165,User4165,87,38
4166,User4166,88,39
4167,User4167,89,40
4168,User4168,90,41
4169,User4169,91,42
4170,User4170,92,43
4171,User4171,93,44
4172,User4172,94,45
4173,User4173,95,46
4174,User4174,96,47
4175,User4175,97,48
4176,User4176,98,20
4177,User4177,99,21
4178,User4178,100,22
4179,User4179,80,23
4180,User4180,81,24
4181,User4181,82,25
4182,User4182,83,26
4183,User4183,84,27
4184,User4184,85,28
4185,User4185,86,29
4186,User4186,87,30
4187,User4187,88,31
4188,User4188,89,32
4189,User4189,90,33
4190,User4190,91,34
4191,User4191,92,35
4192,User4192,93,36
4193,User4193,94,37
4194,User4194,95,38
4195,User4195,96,39
4196,User4196,97,40
4197,User4197,98,41
4198,User4198,99,42
4199,User4199,100,43
4200,User4200,80,44
4201,User4201,81,45
4202,User4202,82,46
4203,User4203,83,47
4204,User4204,84,48
4205,User4205,85,20
4206,User4206,86,21
4207,User4207,87,22
4208,User4208,88,23
4209,User4209,89,24
4210,User4210,90,25
4211,User4211,91,26
4212,User4212,92,27
4213,User4213,93,28
4214,User4214,94,29
4215,User4215,95,30
4216,User4216,96,31
4217,User4217,97,32
4218,User4218,98,33
4219,User4219,99,34
4220,User4220,100,35
4221,User4221,80,36
4222,User4222,81,37
4223,User4223,82,38
4224,User4224,83,39
4225,User4225,84,40
4226,User4226,85,41
4227,User4227,86,42
4228,User4228,87,43
4229,User4229,88,44
4230,User4230,89,45
4231,User4231,90,46
4232,User4232,91,47
4233,User4233,92,48
4234,User4234,93,20
4235,User4235,94,21
4236,User4236,95,22
4237,User4237,96,23
4238,User4238,97,24
4239,User4239,98,25
4240,User4240,99,26
4241,User4241,100,27
4242,User4242,80,28
4243,User4243,81,29
4244,User4244,82,30
4245,User4245,83,31
4246,User4246,84,32
4247,User4247,85,33
4248,User4248,86,34
4249,User4249,87,35
4250,User4250,88,36
4251,User4251,89,37
4252,User4252,90,38
4253,User4253,91,39
4254,User4254,92,40
4255,User4255,93,41
4256,User4256,94,42
4257,User4257,95,43
4258,User4258,96,44
4259,User4259,97,45
4260,User4260,98,46
4261,User4261,99,47
4262,User4262,100,48
4263,User4263,80,20
4264,User4264,81,21
4265,User4265,82,22
4266,User4266,83,23
4267,User4267,84,24
4268,User4268,85,25
4269,User4269,86,26
4270,User4270,87,27
4271,User4271,88,28
4272,User4272,89,29
4273,User4273,90,30
4274,User4274,91,31
4275,User4275,92,32
4276,User4276,93,33
4277,User4277,94,34
4278,User4278,95,35
4279,User4279,96,36
4280,User4280,97,37
4281,User4281,98,38
4282,User4282,99,39
4283,User4283,100,40
4284,User4284,80,41
4285,User4285,81,42
4286,User4286,82,43
4287,User4287,83,44
4288,User4288,84,45
4289,User4289,85,46
4290,User4290,86,47
4291,User4291,87,48
4292,User4292,88,20
4293,User4293,89,21
4294,User4294,90,22
4295,User4295,91,23
4296,User4296,92,24
4297,User4297,93,25
4298,User4298,94,26
4299,User4299,95,27
4300,User4300,96,28
4301,User4301,97,29
4302,User4302,98,30
4303,User4303,99,31
4304,User4304,100,32
4305,User4305,80,33
4306,User4306,81,34
4307,User4307,82,35
4308,User4308,83,36
4309,User4309,84,37
4310,User4310,85,38
4311,User4311,86,39
4312,User4312,87,40
4313,User4313,88,41
4314,User4314,89,42
4315,User4315,90,43
4316,User4316,91,44
4317,User4317,92,45
4318,User4318,93,46
4319,User4319,94,47
4320,User4320,95,48
4321,User4321,96,20
4322,User4322,97,21
4323,User4323,98,22
4324,User4324,99,23
4325,User4325,100,24
4326,User4326,80,25
4327,User4327,81,26
4328,User4328,82,27
4329,User4329,83,28
4330,User4330,84,29
4331,User4331,85,30
4332,User4332,86,31
4333,User4333,87,32
4334,User4334,88,33
4335,User4335,89,34
4336,User4336,90,35
4337,User4337,91,36
4338,User4338,92,37
4339,User4339,93,38
4340,User4340,94,39
4341,User4341,95,40
4342,User4342,96,41
4343,User4343,97,42
4344,User4344,98,43
4345,User4345,99,44
4346,User4346,100,45
4347,User4347,80,46
4348,User4348,81,47
4349,User4349,82,48
4350,User4350,83,20
4351,User4351,84,21
4352,User4352,85,22
4353,User4353,86,23
4354,User4354,87,24
4355,User4355,88,25
4356,User4356,89,26
4357,User4357,90,27
4358,User4358,91,28
4359,User4359,92,29
4360,User4360,93,30
4361,User4361,94,31
4362,User4362,95,32
4363,User4363,96,33
4364,User4364,97,34
4365,User4365,98,35
4366,User4366,99,36
4367,User4367,100,37
4368,User4368,80,38
4369,User4369,81,39
4370,User4370,82,40
4371,User4371,83,41
4372,User4372,84,42
4373,User4373,85,43
4374,User4374,86,44
4375,User4375,87,45
4376,User4376,88,46
4377,User4377,89,47
4378,User4378,90,48
4379,User4379,91,20
4380,User4380,92,21
4381,User4381,93,22
4382,User4382,94,23
4383,User4383,95,24
4384,User4384,96,25
4385,User4385,97,26
4386,User4386,98,27
4387,User4387,99,28
4388,User4388,100,29
4389,User4389,80,30
4390,User4390,81,31
4391,User4391,82,32
4392,User4392,83,33
4393,User4393,84,34
4394,User4394,85,35
4395,User4395,86,36
4396,User4396,87,37
4397,User4397,88,38
4398,User4398,89,39
4399,User4399,90,40
4400,User4400,91,41
4401,User4401,92,42
4402,User4402,93,43
4403,User4403,94,44
4404,User4404,95,45
4405,User4405,96,46
4406,User4406,97,47
4407,User4407,98,48
4408,User4408,99,20
4409,User4409,100,21
4410,User4410,80,22
4411,User4411,81,23
4412,User4412,82,24
4413,User4413,83,25
4414,User4414,84,26
4415,User4415,85,27
4416,User4416,86,28
4417,User4417,87,29
4418,User4418,88,30
4419,User4419,89,31
4420,User4420,90,32
4421,User4421,91,33
4422,User4422,92,34
4423,User4423,93,35
4424,User4424,94,36
4425,User4425,95,37
4426,User4426,96,38
4427,User4427,97,39
4428,User4428,98,40
4429,User4429,99,41
4430,User4430,100,42
4431,User4431,80,43
4432,User4432,81,44
4433,User4433,82,45
4434,User4434,83,46
4435,User4435,84,47
4436,User4436,85,48
4437,User4437,86,20
4438,User4438,87,21
4439,User4439,88,22
4440,User4440,89,23
4441,User4441,90,24
4442,User4442,91,25
4443,User4443,92,26
4444,User4444,93,27
4445,User4445,94,28
4446,User4446,95,29
4447,User4447,96,30
4448,User4448,97,31
4449,User4449,98,32
4450,User4450,99,33
4451,User4451,100,34
4452,User4452,80,35
4453,User4453,81,36
4454,User4454,82,37
4455,User4455,83,38
4456,User4456,84,39
4457,User4457,85,40
4458,User4458,86,41
4459,User4459,87,42
4460,User4460,88,43
4461,User4461,89,44
4462,User4462,90,45
4463,User4463,91,46
4464,User4464,92,47
4465,User4465,93,48
4466,User4466,94,20
4467,User4467,95,21
4468,User4468,96,22
4469,User4469,97,23
4470,User4470,98,24
4471,User4471,99,25
4472,User4472,100,26
4473,User4473,80,27
4474,User4474,81,28
4475,User4475,82,29
4476,User4476,83,30
4477,User4477,84,31
4478,User4478,85,32
4479,User4479,86,33
4480,User4480,87,34
4481,User4481,88,35
4482,User4482,89,36
4483,User4483,90,37
4484,User4484,91,38
4485,User4485,92,39
4486,User4486,93,40
4487,User4487,94,41
4488,User4488,95,42
4489,User4489,96,43
4490,User4490,97,44
4491,User4491,98,45
4492,User4492,99,46
4493,User4493,100,47
4494,User4494,80,48
4495,User4495,81,20
4496,User4496,82,21
4497,User4497,83,22
4498,User4498,84,23
4499,User4499,85,24
4500,User4500,86,25
4501,User4501,87,26
4502,User4502,88,27
4503,User4503,89,28
4504,User4504,90,29
4505,User4505,91,30
4506,User4506,92,31
4507,User4507,93,32
4508,User4508,94,33
4509,User4509,95,34
4510,User4510,96,35
4511,User4511,97,36
4512,User4512,98,37
4513,User4513,99,38
4514,User4514,100,39
4515,User4515,80,40
4516,User4516,81,41
4517,User4517,82,42
4518,User4518,83,43
4519,User4519,84,44
4520,User4520,85,45
4521,User4521,86,46
4522,User4522,87,47
4523,User4523,88,48
4524,User4524,89,20
4525,User4525,90,21
4526,User4526,91,22
4527,User4527,92,23
4528,User4528,93,24
4529,User4529,94,25
4530,User4530,95,26
4531,User4531,96,27
4532,User4532,97,28
4533,User4533,98,29
4534,User4534,99,30
4535,User4535,100,31
4536,User4536,80,32
4537,User4537,81,33
4538,User4538,82,34
4539,User4539,83,35
4540,User4540,84,36
4541,User4541,85,37
4542,User4542,86,38
4543,User4543,87,39
4544,User4544,88,40
4545,User4545,89,41
4546,User4546,90,42
4547,User4547,91,43
4548,User4548,92,44
4549,User4549,93,45
4550,User4550,94,46
4551,User4551,95,47
4552,User4552,96,48
4553,User4553,97,20
4554,User4554,98,21
4555,User4555,99,22
4556,User4556,100,23
4557,User4557,80,24
4558,User4558,81,25
4559,User4559,82,26
4560,User4560,83,27
4561,User4561,84,28
4562,User4562,85,29
4563,User4563,86,30
4564,User4564,87,31
4565,User4565,88,32
4566,User4566,89,33
4567,User4567,90,34
4568,User4568,91,35
4569,User4569,92,36
4570,User4570,93,37
4571,User4571,94,38
4572,User4572,95,39
4573,User4573,96,40
4574,User4574,97,41
4575,User4575,98,42
4576,User4576,99,43
4577,User4577,100,44
4578,User4578,80,45
4579,User4579,81,46
4580,User4580,82,47
4581,User4581,83,48
4582,User4582,84,20
4583,User4583,85,21
4584,User4584,86,22
4585,User4585,87,23
4586,User4586,88,24
4587,User4587,89,25
4588,User4588,90,26
4589,User4589,91,27
4590,User4590,92,28
4591,User4591,93,29
4592,User4592,94,30
4593,User4593,95,31
4594,User4594,96,32
4595,User4595,97,33
4596,User4596,98,34
4597,User4597,99,35
4598,User4598,100,36
4599,User4599,80,37
4600,User4600,81,38
4601,User4601,82,39
4602,User4602,83,40
4603,User4603,84,41
4604,User4604,85,42
4605,User4605,86,43
4606,User4606,87,44
4607,User4607,88,45
4608,User4608,89,46
4609,User4609,90,47
4610,User4610,91,48
4611,User4611,92,20
4612,User4612,93,21
4613,User4613,94,22
4614,User4614,95,23
4615,User4615,96,24
4616,User4616,97,25
4617,User4617,98,26
4618,User4618,99,27
4619,User4619,100,28
4620,User4620,80,29
4621,User4621,81,30
4622,User4622,82,31
4623,User4623,83,32
4624,User4624,84,33
4625,User4625,85,34
4626,User4626,86,35
4627,User4627,87,36
4628,User4628,88,37
4629,User4629,89,38
4630,User4630,90,39
4631,User4631,91,40
4632,User4632,92,41
4633,User4633,93,42
4634,User4634,94,43
4635,User4635,95,44
4636,User4636,96,45
4637,User4637,97,46
4638,User4638,98,47
4639,User4639,99,48
4640,User4640,100,20
4641,User4641,80,21
4642,User4642,81,22
4643,User4643,82,23
4644,User4644,83,24
4645,User4645,84,25
4646,User4646,85,26
4647,User4647,86,27
4648,User4648,87,28
4649,User4649,88,29
4650,User4650,89,30
4651,User4651,90,31
4652,User4652,91,32
4653,User4653,92,33
4654,User4654,93,34
4655,User4655,94,35
4656,User4656,95,36
4657,User4657,96,37
4658,User4658,97,38
4659,User4659,98,39
4660,User4660,99,40
4661,User4661,100,41
4662,User4662,80,42
4663,User4663,81,43
4664,User4664,82,44
4665,User4665,83,45
4666,User4666,84,46
4667,User4667,85,47
4668,User4668,86,48
4669,User4669,87,20
4670,User4670,88,21
4671,User4671,89,22
4672,User4672,90,23
4673,User4673,91,24
4674,User4674,92,25
4675,User4675,93,26
4676,User4676,94,27
4677,User4677,95,28
4678,User4678,96,29
4679,User4679,97,30
4680,User4680,98,31
4681,User4681,99,32
4682,User4682,100,33
4683,User4683,80,34
4684,User4684,81,35
4685,User4685,82,36
4686,User4686,83,37
4687,User4687,84,38
4688,User4688,85,39
4689,User4689,86,40
4690,User4690,87,41
4691,User4691,88,42
4692,User4692,89,43
4693,User4693,90,44
4694,User4694,91,45
4695,User4695,92,46
4696,User4696,93,47
4697,User4697,94,48
4698,User4698,95,20
4699,User4699,96,21
4700,User4700,97,22
4701,User4701,98,23
4702,User4702,99,24
4703,User4703,100,25
4704,User4704,80,26
4705,User4705,81,27
4706,User4706,82,28
4707,User4707,83,29
4708,User4708,84,30
4709,User4709,85,31
4710,User4710,86,32
4711,User4711,87,33
4712,User4712,88,34
4713,User4713,89,35
4714,User4714,90,36
4715,User4715,91,37
4716,User4716,92,38
4717,User4717,93,39
4718,User4718,94,40
4719,User4719,95,41
4720,User4720,96,42
4721,User4721,97,43
4722,User4722,98,44
4723,User4723,99,45
4724,User4724,100,46
4725,User4725,80,47
4726,User4726,81,48
4727,User4727,82,20
4728,User4728,83,21
4729,User4729,84,22
4730,User4730,85,23
4731,User4731,86,24
4732,User4732,87,25
4733,User4733,88,26
4734,User4734,89,27
4735,User4735,90,28
4736,User4736,91,29
4737,User4737,92,30
4738,User4738,93,31
4739,User4739,94,32
4740,User4740,95,33
4741,User4741,96,34
4742,User4742,97,35
4743,User4743,98,36
4744,User4744,99,37
4745,User4745,100,38
4746,User4746,80,39
4747,User4747,81,40
4748,User4748,82,41
4749,User4749,83,42
4750,User4750,84,43
4751,User4751,85,44
4752,User4752,86,45
4753,User4753,87,46
4754,User4754,88,47
4755,User4755,89,48
4756,User4756,90,20
4757,User4757,91,21
4758,User4758,92,22
4759,User4759,93,23
4760,User4760,94,24
4761,User4761,95,25
4762,User4762,96,26
4763,User4763,97,27
4764,User4764,98,28
4765,User4765,99,29
4766,User4766,100,30
4767,User4767,80,31
4768,User4768,81,32
4769,User4769,82,33
4770,User4770,83,34
4771,User4771,84,35
4772,User4772,85,36
4773,User4773,86,37
4774,User4774,87,38
4775,User4775,88,39
4776,User4776,89,40
4777,User4777,90,41
4778,User4778,91,42
4779,User4779,92,43
4780,User4780,93,44
4781,User4781,94,45
4782,User4782,95,46
4783,User4783,96,47
4784,User4784,97,48
4785,User4785,98,20
4786,User4786,99,21
4787,User4787,100,22
4788,User4788,80,23
4789,User4789,81,24
4790,User4790,82,25
4791,User4791,83,26
4792,User4792,84,27
4793,User4793,85,28
4794,User4794,86,29
4795,User4795,87,30
4796,User4796,88,31
4797,User4797,89,32
4798,User4798,90,33
4799,User4799,91,34
4800,User4800,92,35
4801,User4801,93,36
4802,User4802,94,37
4803,User4803,95,38
4804,User4804,96,39
4805,User4805,97,40
4806,User4806,98,41
4807,User4807,99,42
4808,User4808,100,43
4809,User4809,80,44
4810,User4810,81,45
4811,User4811,82,46
4812,User4812,83,47
4813,User4813,84,48
4814,User4814,85,20
4815,User4815,86,21
4816,User4816,87,22
4817,User4817,88,23
4818,User4818,89,24
4819,User4819,90,25
4820,User4820,91,26
4821,User4821,92,27
4822,User4822,93,28
4823,User4823,94,29
4824,User4824,95,30
4825,User4825,96,31
4826,User4826,97,32
4827,User4827,98,33
4828,User4828,99,34
4829,User4829,100,35
4830,User4830,80,36
4831,User4831,81,37
4832,User4832,82,38
4833,User4833,83,39
4834,User4834,84,40
4835,User4835,85,41
4836,User4836,86,42
4837,User4837,87,43
4838,User4838,88,44
4839,User4839,89,45
4840,User4840,90,46
4841,User4841,91,47
4842,User4842,92,48
4843,User4843,93,20
4844,User4844,94,21
4845,User4845,95,22
4846,User4846,96,23
4847,User4847,97,24
4848,User4848,98,25
4849,User4849,99,26
4850,User4850,100,27
4851,User4851,80,28
4852,User4852,81,29
4853,User4853,82,30
4854,User4854,83,31
4855,User4855,84,32
4856,User4856,85,33
4857,User4857,86,34
4858,User4858,87,35
4859,User4859,88,36
4860,User4860,89,37
4861,User4861,90,38
4862,User4862,91,39
4863,User4863,92,40
4864,User4864,93,41
4865,User4865,94,42
4866,User4866,95,43
4867,User4867,96,44
4868,User4868,97,45
4869,User4869,98,46
4870,User4870,99,47
4871,User4871,100,48
4872,User4872,80,20
4873,User4873,81,21
4874,User4874,82,22
4875,User4875,83,23
4876,User4876,84,24
4877,User4877,85,25
4878,User4878,86,26
4879,User4879,87,27
4880,User4880,88,28
4881,User4881,89,29
4882,User4882,90,30
4883,User4883,91,31
4884,User4884,92,32
4885,User4885,93,33
4886,User4886,94,34
4887,User4887,95,35
4888,User4888,96,36
4889,User4889,97,37
4890,User4890,98,38
4891,User4891,99,39
4892,User4892,100,40
4893,User4893,80,41
4894,User4894,81,42
4895,User4895,82,43
4896,User4896,83,44
4897,User4897,84,45
4898,User4898,85,46
4899,User4899,86,47
4900,User4900,87,48
4901,User4901,88,20
4902,User4902,89,21
4903,User4903,90,22
4904,User4904,91,23
4905,User4905,92,24
4906,User4906,93,25
4907,User4907,94,26
4908,User4908,95,27
4909,User4909,96,28
4910,User4910,97,29
4911,User4911,98,30
4912,User4912,99,31
4913,User4913,100,32
4914,User4914,80,33
4915,User4915,81,34
4916,User4916,82,35
4917,User4917,83,36
4918,User4918,84,37
4919,User4919,85,38
4920,User4920,86,39
4921,User4921,87,40
4922,User4922,88,41
4923,User4923,89,42
4924,User4924,90,43
4925,User4925,91,44
4926,User4926,92,45
4927,User4927,93,46
4928,User4928,94,47
4929,User4929,95,48
4930,User4930,96,20
4931,User4931,97,21
4932,User4932,98,22
4933,User4933,99,23
4934,User4934,100,24
4935,User4935,80,25
4936,User4936,81,26
4937,User4937,82,27
4938,User4938,83,28
4939,User4939,84,29
4940,User4940,85,30
4941,User4941,86,31
4942,User4942,87,32
4943,User4943,88,33
4944,User4944,89,34
4945,User4945,90,35
4946,User4946,91,36
4947,User4947,92,37
4948,User4948,93,38
4949,User4949,94,39
4950,User4950,95,40
4951,User4951,96,41
4952,User4952,97,42
4953,User4953,98,43
4954,User4954,99,44
4955,User4955,100,45
4956,User4956,80,46
4957,User4957,81,47
4958,User4958,82,48
4959,User4959,83,20
4960,User4960,84,21
4961,User4961,85,22
4962,User4962,86,23
4963,User4963,87,24
4964,User4964,88,25
4965,User4965,89,26
4966,User4966,90,27
4967,User4967,91,28
4968,User4968,92,29
4969,User4969,93,30
4970,User4970,94,31
4971,User4971,95,32
4972,User4972,96,33
4973,User4973,97,34
4974,User4974,98,35
4975,User4975,99,36
4976,User4976,100,37
4977,User4977,80,38
4978,User4978,81,39
4979,User4979,82,40
4980,User4980,83,41
4981,User4981,84,42
4982,User4982,85,43
4983,User4983,86,44
4984,User4984,87,45
4985,User4985,88,46
4986,User4986,89,47
4987,User4987,90,48
4988,User4988,91,20
4989,User4989,92,21
4990,User4990,93,22
4991,User4991,94,23
4992,User4992,95,24
4993,User4993,96,25
4994,User4994,97,26
4995,User4995,98,27
4996,User4996,99,28
4997,User4997,100,29
4998,User4998,80,30
4999,User4999,81,31
5000,User5000,82,32
5001,User5001,83,33
5002,User5002,84,34
5003,User5003,85,35
5004,User5004,86,36
5005,User5005,87,37
5006,User5006,88,38
5007,User5007,89,39
5008,User5008,90,40
5009,User5009,91,41
5010,User5010,92,42
5011,User5011,93,43
5012,User5012,94,44
5013,User5013,95,45
5014,User5014,96,46
5015,User5015,97,47
5016,User5016,98,48
5017,User5017,99,20
5018,User5018,100,21
5019,User5019,80,22
5020,User5020,81,23
5021,User5021,82,24
5022,User5022,83,25
5023,User5023,84,26
5024,User5024,85,27
5025,User5025,86,28
5026,User5026,87,29
5027,User5027,88,30
5028,User5028,89,31
5029,User5029,90,32
5030,User5030,91,33
5031,User5031,92,34
5032,User5032,93,35
5033,User5033,94,36
5034,User5034,95,37
5035,User5035,96,38
5036,User5036,97,39
5037,User5037,98,40
5038,User5038,99,41
5039,User5039,100,42
5040,User5040,80,43
5041,User5041,81,44
5042,User5042,82,45
5043,User5043,83,46
5044,User5044,84,47
5045,User5045,85,48
5046,User5046,86,20
5047,User5047,87,21
5048,User5048,88,22
5049,User5049,89,23
5050,User5050,90,24
5051,User5051,91,25
5052,User5052,92,26
5053,User5053,93,27
5054,User5054,94,28
5055,User5055,95,29
5056,User5056,96,30
5057,User5057,97,31
5058,User5058,98,32
5059,User5059,99,33
5060,User5060,100,34
5061,User5061,80,35
5062,User5062,81,36
5063,User5063,82,37
5064,User5064,83,38
5065,User5065,84,39
5066,User5066,85,40
5067,User5067,86,41
5068,User5068,87,42
5069,User5069,88,43
5070,User5070,89,44
5071,User5071,90,45
5072,User5072,91,46
5073,User5073,92,47
5074,User5074,93,48
5075,User5075,94,20
5076,User5076,95,21
5077,User5077,96,22
5078,User5078,97,23
5079,User5079,98,24
5080,User5080,99,25
5081,User5081,100,26
5082,User5082,80,27
5083,User5083,81,28
5084,User5084,82,29
5085,User5085,83,30
5086,User5086,84,31
5087,User5087,85,32
5088,User5088,86,33
5089,User5089,87,34
5090,User5090,88,35
5091,User5091,89,36
5092,User5092,90,37
5093,User5093,91,38
5094,User5094,92,39
5095,User5095,93,40
5096,User5096,94,41
5097,User5097,95,42
5098,User5098,96,43
5099,User5099,97,44
5100,User5100,98,45
5101,User5101,99,46
5102,User5102,100,47
5103,User5103,80,48
5104,User5104,81,20
5105,User5105,82,21
5106,User5106,83,22
5107,User5107,84,23
5108,User5108,85,24
5109,User5109,86,25
5110,User5110,87,26
5111,User5111,88,27
5112,User5112,89,28
5113,User5113,90,29
5114,User5114,91,30
5115,User5115,92,31
5116,User5116,93,32
5117,User5117,94,33
5118,User5118,95,34
5119,User5119,96,35
5120,User5120,97,36
5121,User5121,98,37
5122,User5122,99,38
5123,User5123,100,39
5124,User5124,80,40
5125,User5125,81,41
5126,User5126,82,42
5127,User5127,83,43
5128,User5128,84,44
5129,User5129,85,45
5130,User5130,86,46
5131,User5131,87,47
5132,User5132,88,48
5133,User5133,89,20
5134,User5134,90,21
5135,User5135,91,22
5136,User5136,92,23
5137,User5137,93,24
5138,User5138,94,25
5139,User5139,95,26
5140,User5140,96,27
5141,User5141,97,28
5142,User5142,98,29
5143,User5143,99,30
5144,User5144,100,31
5145,User5145,80,32
5146,User5146,81,33
5147,User5147,82,34
5148,User5148,83,35
5149,User5149,84,36
5150,User5150,85,37
5151,User5151,86,38
5152,User5152,87,39
5153,User5153,88,40
5154,User5154,89,41
5155,User5155,90,42
5156,User5156,91,43
5157,User5157,92,44
5158,User5158,93,45
5159,User5159,94,46
5160,User5160,95,47
5161,User5161,96,48
5162,User5162,97,20
5163,User5163,98,21
5164,User5164,99,22
5165,User5165,100,23
5166,User5166,80,24
5167,User5167,81,25
5168,User5168,82,26
5169,User5169,83,27
5170,User5170,84,28
5171,User5171,85,29
5172,User5172,86,30
5173,User5173,87,31
5174,User5174,88,32
5175,User5175,89,33
5176,User5176,90,34
5177,User5177,91,35
5178,User5178,92,36
5179,User5179,93,37
5180,User5180,94,38
5181,User5181,95,39
5182,User5182,96,40
5183,User5183,97,41
5184,User5184,98,42
5185,User5185,99,43
5186,User5186,100,44
5187,User5187,80,45
5188,User5188,81,46
5189,User5189,82,47
5190,User5190,83,48
5191,User5191,84,20
5192,User5192,85,21
5193,User5193,86,22
5194,User5194,87,23
5195,User5195,88,24
5196,User5196,89,25
5197,User5197,90,26
5198,User5198,91,27
5199,User5199,92,28
5200,User5200,93,29
5201,User5201,94,30
5202,User5202,95,31
5203,User5203,96,32
5204,User5204,97,33
5205,User5205,98,34
5206,User5206,99,35
5207,User5207,100,36
5208,User5208,80,37
5209,User5209,81,38
5210,User5210,82,39
5211,User5211,83,40
5212,User5212,84,41
5213,User5213,85,42
5214,User5214,86,43
5215,User5215,87,44
5216,User5216,88,45
5217,User5217,89,46
5218,User5218,90,47
5219,User5219,91,48
5220,User5220,92,20
5221,User5221,93,21
5222,User5222,94,22
5223,User5223,95,23
5224,User5224,96,24
5225,User5225,97,25
5226,User5226,98,26
5227,User5227,99,27
5228,User5228,100,28
5229,User5229,80,29
5230,User5230,81,30
5231,User5231,82,31
5232,User5232,83,32
5233,User5233,84,33
5234,User5234,85,34
5235,User5235,86,35
5236,User5236,87,36
5237,User5237,88,37
5238,User5238,89,38
5239,User5239,90,39
5240,User5240,91,40
5241,User5241,92,41
5242,User5242,93,42
5243,User5243,94,43
5244,User5244,95,44
5245,User5245,96,45
5246,User5246,97,46
5247,User5247,98,47
5248,User5248,99,48
5249,User5249,100,20
5250,User5250,80,21
5251,User5251,81,22
5252,User5252,82,23
5253,User5253,83,24
5254,User5254,84,25
5255,User5255,85,26
5256,User5256,86,27
5257,User5257,87,28
5258,User5258,88,29
5259,User5259,89,30
5260,User5260,90,31
5261,User5261,91,32
5262,User5262,92,33
5263,User5263,93,34
5264,User5264,94,35
5265,User5265,95,36
5266,User5266,96,37
5267,User5267,97,38
5268,User5268,98,39
5269,User5269,99,40
5270,User5270,100,41
5271,User5271,80,42
5272,User5272,81,43
5273,User5273,82,44
5274,User5274,83,45
5275,User5275,84,46
5276,User5276,85,47
5277,User5277,86,48
5278,User5278,87,20
5279,User5279,88,21
5280,User5280,89,22
5281,User5281,90,23
5282,User5282,91,24
5283,User5283,92,25
5284,User5284,93,26
5285,User5285,94,27
5286,User5286,95,28
5287,User5287,96,29
5288,User5288,97,30
5289,User5289,98,31
5290,User5290,99,32
5291,User5291,100,33
5292,User5292,80,34
5293,User5293,81,35
5294,User5294,82,36
5295,User5295,83,37
5296,User5296,84,38
5297,User5297,85,39
5298,User5298,86,40
5299,User5299,87,41
5300,User5300,88,42
5301,User5301,89,43
5302,User5302,90,44
5303,User5303,91,45
5304,User5304,92,46
5305,User5305,93,47
5306,User5306,94,48
5307,User5307,95,20
5308,User5308,96,21
5309,User5309,97,22
5310,User5310,98,23
5311,User5311,99,24
5312,User5312,100,25
5313,User5313,80,26
5314,User5314,81,27
5315,User5315,82,28
5316,User5316,83,29
5317,User5317,84,30
5318,User5318,85,31
5319,User5319,86,32
5320,User5320,87,33
5321,User5321,88,34
5322,User5322,89,35
5323,User5323,90,36
5324,User5324,91,37
5325,User5325,92,38
5326,User5326,93,39
5327,User5327,94,40
5328,User5328,95,41
5329,User5329,96,42
5330,User5330,97,43
5331,User5331,98,44
5332,User5332,99,45
5333,User5333,100,46
5334,User5334,80,47
5335,User5335,81,48
5336,User5336,82,20
5337,User5337,83,21
5338,User5338,84,22
5339,User5339,85,23
5340,User5340,86,24
5341,User5341,87,25
5342,User5342,88,26
5343,User5343,89,27
5344,User5344,90,28
5345,User5345,91,29
5346,User5346,92,30
5347,User5347,93,31
5348,User5348,94,32
5349,User5349,95,33
5350,User5350,96,34
5351,User5351,97,35
5352,User5352,98,36
5353,User5353,99,37
5354,User5354,100,38
5355,User5355,80,39
5356,User5356,81,40
5357,User5357,82,41
5358,User5358,83,42
5359,User5359,84,43
5360,User5360,85,44
5361,User5361,86,45
5362,User5362,87,46
5363,User5363,88,47
5364,User5364,89,48
5365,User5365,90,20
5366,User5366,91,21
5367,User5367,92,22
5368,User5368,93,23
5369,User5369,94,24
5370,User5370,95,25
5371,User5371,96,26
5372,User5372,97,27
5373,User5373,98,28
5374,User5374,99,29
5375,User5375,100,30
5376,User5376,80,31
5377,User5377,81,32
5378,User5378,82,33
5379,User5379,83,34
5380,User5380,84,35
5381,User5381,85,36
5382,User5382,86,37
5383,User5383,87,38
5384,User5384,88,39
5385,User5385,89,40
5386,User5386,90,41
5387,User5387,91,42
5388,User5388,92,43
5389,User5389,93,44
5390,User5390,94,45
5391,User5391,95,46
5392,User5392,96,47
5393,User5393,97,48
5394,User5394,98,20
5395,User5395,99,21
5396,User5396,100,22
5397,User5397,80,23
5398,User5398,81,24
5399,User5399,82,25
5400,User5400,83,26
5401,User5401,84,27
5402,User5402,85,28
5403,User5403,86,29
5404,User5404,87,30
5405,User5405,88,31
5406,User5406,89,32
5407,User5407,90,33
5408,User5408,91,34
5409,User5409,92,35
5410,User5410,93,36
5411,User5411,94,37
5412,User5412,95,38
5413,User5413,96,39
5414,User5414,97,40
5415,User5415,98,41
5416,User5416,99,42
5417,User5417,100,43
5418,User5418,80,44
5419,User5419,81,45
5420,User5420,82,46
5421,User5421,83,47
5422,User5422,84,48
5423,User5423,85,20
5424,User5424,86,21
5425,User5425,87,22
5426,User5426,88,23
5427,User5427,89,24
5428,User5428,90,25
5429,User5429,91,26
5430,User5430,92,27
5431,User5431,93,28
5432,User5432,94,29
5433,User5433,95,30
5434,User5434,96,31
5435,User5435,97,32
5436,User5436,98,33
5437,User5437,99,34
5438,User5438,100,35
5439,User5439,80,36
5440,User5440,81,37
5441,User5441,82,38
5442,User5442,83,39
5443,User5443,84,40
5444,User5444,85,41
5445,User5445,86,42
5446,User5446,87,43
5447,User5447,88,44
5448,User5448,89,45
5449,User5449,90,46
5450,User5450,91,47
5451,User5451,92,48
5452,User5452,93,20
5453,User5453,94,21
5454,User5454,95,22
5455,User5455,96,23
5456,User5456,97,24
5457,User5457,98,25
5458,User5458,99,26
5459,User5459,100,27
5460,User5460,80,28
5461,User5461,81,29
5462,User5462,82,30
5463,User5463,83,31
5464,User5464,84,32
5465,User5465,85,33
5466,User5466,86,34
5467,User5467,87,35
5468,User5468,88,36
5469,User5469,89,37
5470,User5470,90,38
5471,User5471,91,39
5472,User5472,92,40
5473,User5473,93,41
5474,User5474,94,42
5475,User5475,95,43
5476,User5476,96,44
5477,User5477,97,45
5478,User5478,98,46
5479,User5479,99,47
5480,User5480,100,48
5481,User5481,80,20
5482,User5482,81,21
5483,User5483,82,22
5484,User5484,83,23
5485,User5485,84,24
5486,User5486,85,25
5487,User5487,86,26
5488,User5488,87,27
5489,User5489,88,28
5490,User5490,89,29
5491,User5491,90,30
5492,User5492,91,31
5493,User5493,92,32
5494,User5494,93,33
5495,User5495,94,34
5496,User5496,95,35
5497,User5497,96,36
5498,User5498,97,37
5499,User5499,98,38
5500,User5500,99,39
5501,User5501,100,40
5502,User5502,80,41
5503,User5503,81,42
5504,User5504,82,43
5505,User5505,83,44
5506,User5506,84,45
5507,User5507,85,46
5508,User5508,86,47
5509,User5509,87,48
5510,User5510,88,20
5511,User5511,89,21
5512,User5512,90,22
5513,User5513,91,23
5514,User5514,92,24
5515,User5515,93,25
5516,User5516,94,26
5517,User5517,95,27
5518,User5518,96,28
5519,User5519,97,29
5520,User5520,98,30
5521,User5521,99,31
5522,User5522,100,32
5523,User5523,80,33
5524,User5524,81,34
5525,User5525,82,35
5526,User5526,83,36
5527,User5527,84,37
5528,User5528,85,38
5529,User5529,86,39
5530,User5530,87,40
5531,User5531,88,41
5532,User5532,89,42
5533,User5533,90,43
5534,User5534,91,44
5535,User5535,92,45
5536,User5536,93,46
5537,User5537,94,47
5538,User5538,95,48
5539,User5539,96,20
5540,User5540,97,21
5541,User5541,98,22
5542,User5542,99,23
5543,User5543,100,24
5544,User5544,80,25
5545,User5545,81,26
5546,User5546,82,27
5547,User5547,83,28
5548,User5548,84,29
5549,User5549,85,30
5550,User5550,86,31
5551,User5551,87,32
5552,User5552,88,33
5553,User5553,89,34
5554,User5554,90,35
5555,User5555,91,36
5556,User5556,92,37
5557,User5557,93,38
5558,User5558,94,39
5559,User5559,95,40
5560,User5560,96,41
5561,User5561,97,42
5562,User5562,98,43
5563,User5563,99,44
5564,User5564,100,45
5565,User5565,80,46
5566,User5566,81,47
5567,User5567,82,48
5568,User5568,83,20
5569,User5569,84,21
5570,User5570,85,22
5571,User5571,86,23
5572,User5572,87,24
5573,User5573,88,25
5574,User5574,89,26
5575,User5575,90,27
5576,User5576,91,28
5577,User5577,92,29
5578,User5578,93,30
5579,User5579,94,31
5580,User5580,95,32
5581,User5581,96,33
5582,User5582,97,34
5583,User5583,98,35
5584,User5584,99,36
5585,User5585,100,37
5586,User5586,80,38
5587,User5587,81,39
5588,User5588,82,40
5589,User5589,83,41
5590,User5590,84,42
5591,User5591,85,43
5592,User5592,86,44
5593,User5593,87,45
5594,User5594,88,46
5595,User5595,89,47
5596,User5596,90,48
5597,User5597,91,20
5598,User5598,92,21
5599,User5599,93,22
5600,User5600,94,23
5601,User5601,95,24
5602,User5602,96,25
5603,User5603,97,26
5604,User5604,98,27
5605,User5605,99,28
5606,User5606,100,29
5607,User5607,80,30
5608,User5608,81,31
5609,User5609,82,32
5610,User5610,83,33
5611,User5611,84,34
5612,User5612,85,35
5613,User5613,86,36
5614,User5614,87,37
5615,User5615,88,38
5616,User5616,89,39
5617,User5617,90,40
5618,User5618,91,41
5619,User5619,92,42
5620,User5620,93,43
5621,User5621,94,44
5622,User5622,95,45
5623,User5623,96,46
5624,User5624,97,47
5625,User5625,98,48
5626,User5626,99,20
5627,User5627,100,21
5628,User5628,80,22
5629,User5629,81,23
5630,User5630,82,24
5631,User5631,83,25
5632,User5632,84,26
5633,User5633,85,27
5634,User5634,86,28
5635,User5635,87,29
5636,User5636,88,30
5637,User5637,89,31
5638,User5638,90,32
5639,User5639,91,33
5640,User5640,92,34
5641,User5641,93,35
5642,User5642,94,36
5643,User5643,95,37
5644,User5644,96,38
5645,User5645,97,39
5646,User5646,98,40
5647,User5647,99,41
5648,User5648,100,42
5649,User5649,80,43
5650,User5650,81,44
5651,User5651,82,45
5652,User5652,83,46
5653,User5653,84,47
5654,User5654,85,48
5655,User5655,86,20
5656,User5656,87,21
5657,User5657,88,22
5658,User5658,89,23
5659,User5659,90,24
5660,User5660,91,25
5661,User5661,92,26
5662,User5662,93,27
5663,User5663,94,28
5664,User5664,95,29
5665,User5665,96,30
5666,User5666,97,31
5667,User5667,98,32
5668,User5668,99,33
5669,User5669,100,34
5670,User5670,80,35
5671,User5671,81,36
5672,User5672,82,37
5673,User5673,83,38
5674,User5674,84,39
5675,User5675,85,40
5676,User5676,86,41
5677,User5677,87,42
5678,User5678,88,43
5679,User5679,89,44
5680,User5680,90,45
5681,User5681,91,46
5682,User5682,92,47
5683,User5683,93,48
5684,User5684,94,20
5685,User5685,95,21
5686,User5686,96,22
5687,User5687,97,23
5688,User5688,98,24
5689,User5689,99,25
5690,User5690,100,26
5691,User5691,80,27
5692,User5692,81,28
5693,User5693,82,29
5694,User5694,83,30
5695,User5695,84,31
5696,User5696,85,32
5697,User5697,86,33
5698,User5698,87,34
5699,User5699,88,35
5700,User5700,89,36
5701,User5701,90,37
5702,User5702,91,38
5703,User5703,92,39
5704,User5704,93,40
5705,User5705,94,41
5706,User5706,95,42
5707,User5707,96,43
5708,User5708,97,44
5709,User5709,98,45
5710,User5710,99,46
5711,User5711,100,47
5712,User5712,80,48
5713,User5713,81,20
5714,User5714,82,21
5715,User5715,83,22
5716,User5716,84,23
5717,User5717,85,24
5718,User5718,86,25
5719,User5719,87,26
5720,User5720,88,27
5721,User5721,89,28
5722,User5722,90,29
5723,User5723,91,30
5724,User5724,92,31
5725,User5725,93,32
5726,User5726,94,33
5727,User5727,95,34
5728,User5728,96,35
5729,User5729,97,36
5730,User5730,98,37
5731,User5731,99,38
5732,User5732,100,39
5733,User5733,80,40
5734,User5734,81,41
5735,User5735,82,42
5736,User5736,83,43
5737,User5737,84,44
5738,User5738,85,45
5739,User5739,86,46
5740,User5740,87,47
5741,User5741,88,48
5742,User5742,89,20
5743,User5743,90,21
5744,User5744,91,22
5745,User5745,92,23
5746,User5746,93,24
5747,User5747,94,25
5748,User5748,95,26
5749,User5749,96,27
5750,User5750,97,28
5751,User5751,98,29
5752,User5752,99,30
5753,User5753,100,31
5754,User5754,80,32
5755,User5755,81,33
5756,User5756,82,34
5757,User5757,83,35
5758,User5758,84,36
5759,User5759,85,37
5760,User5760,86,38
5761,User5761,87,39
5762,User5762,88,40
5763,User5763,89,41
5764,User5764,90,42
5765,User5765,91,43
5766,User5766,92,44
5767,User5767,93,45
5768,User5768,94,46
5769,User5769,95,47
5770,User5770,96,48
5771,User5771,97,20
5772,User5772,98,21
5773,User5773,99,22
5774,User5774,100,23
5775,User5775,80,24
5776,User5776,81,25
5777,User5777,82,26
5778,User5778,83,27
5779,User5779,84,28
5780,User5780,85,29
5781,User5781,86,30
5782,User5782,87,31
5783,User5783,88,32
5784,User5784,89,33
5785,User5785,90,34
5786,User5786,91,35
5787,User5787,92,36
5788,User5788,93,37
5789,User5789,94,38
5790,User5790,95,39
5791,User5791,96,40
5792,User5792,97,41
5793,User5793,98,42
5794,User5794,99,43
5795,User5795,100,44
5796,User5796,80,45
5797,User5797,81,46
5798,User5798,82,47
5799,User5799,83,48
5800,User5800,84,20
5801,User5801,85,21
5802,User5802,86,22
5803,User5803,87,23
5804,User5804,88,24
5805,User5805,89,25
5806,User5806,90,26
5807,User5807,91,27
5808,User5808,92,28
5809,User5809,93,29
5810,User5810,94,30
5811,User5811,95,31
5812,User5812,96,32
5813,User5813,97,33
5814,User5814,98,34
5815,User5815,99,35
5816,User5816,100,36
5817,User5817,80,37
5818,User5818,81,38
5819,User5819,82,39
5820,User5820,83,40
5821,User5821,84,41
5822,User5822,85,42
5823,User5823,86,43
5824,User5824,87,44
5825,User5825,88,45
5826,User5826,89,46
5827,User5827,90,47
5828,User5828,91,48
5829,User5829,92,20
5830,User5830,93,21
5831,User5831,94,22
5832,User5832,95,23
5833,User5833,96,24
5834,User5834,97,25
5835,User5835,98,26
5836,User5836,99,27
5837,User5837,100,28
5838,User5838,80,29
5839,User5839,81,30
5840,User5840,82,31
5841,User5841,83,32
5842,User5842,84,33
5843,User5843,85,34
5844,User5844,86,35
5845,User5845,87,36
5846,User5846,88,37
5847,User5847,89,38
5848,User5848,90,39
5849,User5849,91,40
5850,User5850,92,41
5851,User5851,93,42
5852,User5852,94,43
5853,User5853,95,44
5854,User5854,96,45
5855,User5855,97,46
5856,User5856,98,47
5857,User5857,99,48
5858,User5858,100,20
5859,User5859,80,21
5860,User5860,81,22
5861,User5861,82,23
5862,User5862,83,24
5863,User5863,84,25
5864,User5864,85,26
5865,User5865,86,27
5866,User5866,87,28
5867,User5867,88,29
5868,User5868,89,30
5869,User5869,90,31
5870,User5870,91,32
5871,User5871,92,33
5872,User5872,93,34
5873,User5873,94,35
5874,User5874,95,36
5875,User5875,96,37
5876,User5876,97,38
5877,User5877,98,39
5878,User5878,99,40
5879,User5879,100,41
5880,User5880,80,42
5881,User5881,81,43
5882,User5882,82,44
5883,User5883,83,45
5884,User5884,84,46
5885,User5885,85,47
5886,User5886,86,48
5887,User5887,87,20
5888,User5888,88,21
5889,User5889,89,22
5890,User5890,90,23
5891,User5891,91,24
5892,User5892,92,25
5893,User5893,93,26
5894,User5894,94,27
5895,User5895,95,28
5896,User5896,96,29
5897,User5897,97,30
5898,User5898,98,31
5899,User5899,99,32
5900,User5900,100,33
5901,User5901,80,34
5902,User5902,81,35
5903,User5903,82,36
5904,User5904,83,37
5905,User5905,84,38
5906,User5906,85,39
5907,User5907,86,40
5908,User5908,87,41
5909,User5909,88,42
5910,User5910,89,43
5911,User5911,90,44
5912,User5912,91,45
5913,User5913,92,46
5914,User5914,93,47
5915,User5915,94,48
5916,User5916,95,20
5917,User5917,96,21
5918,User5918,97,22
5919,User5919,98,23
5920,User5920,99,24
5921,User5921,100,25
5922,User5922,80,26
5923,User5923,81,27
5924,User5924,82,28
5925,User5925,83,29
5926,User5926,84,30
5927,User5927,85,31
5928,User5928,86,32
5929,User5929,87,33
5930,User5930,88,34
5931,User5931,89,35
5932,User5932,90,36
5933,User5933,91,37
5934,User5934,92,38
5935,User5935,93,39
5936,User5936,94,40
5937,User5937,95,41
5938,User5938,96,42
5939,User5939,97,43
5940,User5940,98,44
5941,User5941,99,45
5942,User5942,100,46
5943,User5943,80,47
5944,User5944,81,48
5945,User5945,82,20
5946,User5946,83,21
5947,User5947,84,22
5948,User5948,85,23
5949,User5949,86,24
5950,User5950,87,25
5951,User5951,88,26
5952,User5952,89,27
5953,User5953,90,28
5954,User5954,91,29
5955,User5955,92,30
5956,User5956,93,31
5957,User5957,94,32
5958,User5958,95,33
5959,User5959,96,34
5960,User5960,97,35
5961,User5961,98,36
5962,User5962,99,37
5963,User5963,100,38
5964,User5964,80,39
5965,User5965,81,40
5966,User5966,82,41
5967,User5967,83,42
5968,User5968,84,43
5969,User5969,85,44
5970,User5970,86,45
5971,User5971,87,46
5972,User5972,88,47
5973,User5973,89,48
5974,User5974,90,20
5975,User5975,91,21
5976,User5976,92,22
5977,User5977,93,23
5978,User5978,94,24
5979,User5979,95,25
5980,User5980,96,26
5981,User5981,97,27
5982,User5982,98,28
5983,User5983,99,29
5984,User5984,100,30
5985,User5985,80,31
5986,User5986,81,32
5987,User5987,82,33
5988,User5988,83,34
5989,User5989,84,35
5990,User5990,85,36
5991,User5991,86,37
5992,User5992,87,38
5993,User5993,88,39
5994,User5994,89,40
5995,User5995,90,41
5996,User5996,91,42
5997,User5997,92,43
5998,User5998,93,44
5999,User5999,94,45
6000,User6000,95,46
6001,User6001,96,47
6002,User6002,97,48
6003,User6003,98,20
6004,User6004,99,21
6005,User6005,100,22
6006,User6006,80,23
6007,User6007,81,24
6008,User6008,82,25
6009,User6009,83,26
6010,User6010,84,27
6011,User6011,85,28
6012,User6012,86,29
6013,User6013,87,30
6014,User6014,88,31
6015,User6015,89,32
6016,User6016,90,33
6017,User6017,91,34
6018,User6018,92,35
6019,User6019,93,36
6020,User6020,94,37
6021,User6021,95,38
6022,User6022,96,39
6023,User6023,97,40
6024,User6024,98,41
6025,User6025,99,42
6026,User6026,100,43
6027,User6027,80,44
6028,User6028,81,45
6029,User6029,82,46
6030,User6030,83,47
6031,User6031,84,48
6032,User6032,85,20
6033,User6033,86,21
6034,User6034,87,22
6035,User6035,88,23
6036,User6036,89,24
6037,User6037,90,25
6038,User6038,91,26
6039,User6039,92,27
6040,User6040,93,28
6041,User6041,94,29
6042,User6042,95,30
6043,User6043,96,31
6044,User6044,97,32
6045,User6045,98,33
6046,User6046,99,34
6047,User6047,100,35
6048,User6048,80,36
6049,User6049,81,37
6050,User6050,82,38
6051,User6051,83,39
6052,User6052,84,40
6053,User6053,85,41
6054,User6054,86,42
6055,User6055,87,43
6056,User6056,88,44
6057,User6057,89,45
6058,User6058,90,46
6059,User6059,91,47
6060,User6060,92,48
6061,User6061,93,20
6062,User6062,94,21
6063,User6063,95,22
6064,User6064,96,23
6065,User6065,97,24
6066,User6066,98,25
6067,User6067,99,26
6068,User6068,100,27
6069,User6069,80,28
6070,User6070,81,29
6071,User6071,82,30
6072,User6072,83,31
6073,User6073,84,32
6074,User6074,85,33
6075,User6075,86,34
6076,User6076,87,35
6077,User6077,88,36
6078,User6078,89,37
6079,User6079,90,38
6080,User6080,91,39
6081,User6081,92,40
6082,User6082,93,41
6083,User6083,94,42
6084,User6084,95,43
6085,User6085,96,44
6086,User6086,97,45
6087,User6087,98,46
6088,User6088,99,47
6089,User6089,100,48
6090,User6090,80,20
6091,User6091,81,21
6092,User6092,82,22
6093,User6093,83,23
6094,User6094,84,24
6095,User6095,85,25
6096,User6096,86,26
6097,User6097,87,27
6098,User6098,88,28
6099,User6099,89,29
6100,User6100,90,30
6101,User6101,91,31
6102,User6102,92,32
6103,User6103,93,33
6104,User6104,94,34
6105,User6105,95,35
6106,User6106,96,36
6107,User6107,97,37
6108,User6108,98,38
6109,User6109,99,39
6110,User6110,100,40
6111,User6111,80,41
6112,User6112,81,42
6113,User6113,82,43
6114,User6114,83,44
6115,User6115,84,45
6116,User6116,85,46
6117,User6117,86,47
6118,User6118,87,48
6119,User6119,88,20
6120,User6120,89,21
6121,User6121,90,22
6122,User6122,91,23
6123,User6123,92,24
6124,User6124,93,25
6125,User6125,94,26
6126,User6126,95,27
6127,User6127,96,28
6128,User6128,97,29
6129,User6129,98,30
6130,User6130,99,31
6131,User6131,100,32
6132,User6132,80,33
6133,User6133,81,34
6134,User6134,82,35
6135,User6135,83,36
6136,User6136,84,37
6137,User6137,85,38
6138,User6138,86,39
6139,User6139,87,40
6140,User6140,88,41
6141,User6141,89,42
6142,User6142,90,43
6143,User6143,91,44
6144,User6144,92,45
6145,User6145,93,46
6146,User6146,94,47
6147,User6147,95,48
6148,User6148,96,20
6149,User6149,97,21
6150,User6150,98,22
6151,User6151,99,23
6152,User6152,100,24
6153,User6153,80,25
6154,User6154,81,26
6155,User6155,82,27
6156,User6156,83,28
6157,User6157,84,29
6158,User6158,85,30
6159,User6159,86,31
6160,User6160,87,32
6161,User6161,88,33
6162,User6162,89,34
6163,User6163,90,35
6164,User6164,91,36
6165,User6165,92,37
6166,User6166,93,38
6167,User6167,94,39
6168,User6168,95,40
6169,User6169,96,41
6170,User6170,97,42
6171,User6171,98,43
6172,User6172,99,44
6173,User6173,100,45
6174,User6174,80,46
6175,User6175,81,47
6176,User6176,82,48
6177,User6177,83,20
6178,User6178,84,21
6179,User6179,85,22
6180,User6180,86,23
6181,User6181,87,24
6182,User6182,88,25
6183,User6183,89,26
6184,User6184,90,27
6185,User6185,91,28
6186,User6186,92,29
6187,User6187,93,30
6188,User6188,94,31
6189,User6189,95,32
6190,User6190,96,33
6191,User6191,97,34
6192,User6192,98,35
6193,User6193,99,36
6194,User6194,100,37
6195,User6195,80,38
6196,User6196,81,39
6197,User6197,82,40
6198,User6198,83,41
6199,User6199,84,42
6200,User6200,85,43
6201,User6201,86,44
6202,User6202,87,45
6203,User6203,88,46
6204,User6204,89,47
6205,User6205,90,48
6206,User6206,91,20
6207,User6207,92,21
6208,User6208,93,22
6209,User6209,94,23
6210,User6210,95,24
6211,User6211,96,25
6212,User6212,97,26
6213,User6213,98,27
6214,User6214,99,28
6215,User6215,100,29
6216,User6216,80,30
6217,User6217,81,31
6218,User6218,82,32
6219,User6219,83,33
6220,User6220,84,34
6221,User6221,85,35
6222,User6222,86,36
6223,User6223,87,37
6224,User6224,88,38
6225,User6225,89,39
6226,User6226,90,40
6227,User6227,91,41
6228,User6228,92,42
6229,User6229,93,43
6230,User6230,94,44
6231,User6231,95,45
6232,User6232,96,46
6233,User6233,97,47
6234,User6234,98,48
6235,User6235,99,20
6236,User6236,100,21
6237,User6237,80,22
6238,User6238,81,23
6239,User6239,82,24
6240,User6240,83,25
6241,User6241,84,26
6242,User6242,85,27
6243,User6243,86,28
6244,User6244,87,29
6245,User6245,88,30
6246,User6246,89,31
6247,User6247,90,32
6248,User6248,91,33
6249,User6249,92,34
6250,User6250,93,35
6251,User6251,94,36
6252,User6252,95,37
6253,User6253,96,38
6254,User6254,97,39
6255,User6255,98,40
6256,User6256,99,41
6257,User6257,100,42
6258,User6258,80,43
6259,User6259,81,44
6260,User6260,82,45
6261,User6261,83,46
6262,User6262,84,47
6263,User6263,85,48
6264,User6264,86,20
6265,User6265,87,21
6266,User6266,88,22
6267,User6267,89,23
6268,User6268,90,24
6269,User6269,91,25
6270,User6270,92,26
6271,User6271,93,27
6272,User6272,94,28
6273,User6273,95,29
6274,User6274,96,30
6275,User6275,97,31
6276,User6276,98,32
6277,User6277,99,33
6278,User6278,100,34
6279,User6279,80,35
6280,User6280,81,36
6281,User6281,82,37
6282,User6282,83,38
6283,User6283,84,39
6284,User6284,85,40
6285,User6285,86,41
6286,User6286,87,42
6287,User6287,88,43
6288,User6288,89,44
6289,User6289,90,45
6290,User6290,91,46
6291,User6291,92,47
6292,User6292,93,48
6293,User6293,94,20
6294,User6294,95,21
6295,User6295,96,22
6296,User6296,97,23
6297,User6297,98,24
6298,User6298,99,25
6299,User6299,100,26
6300,User6300,80,27
6301,User6301,81,28
6302,User6302,82,29
6303,User6303,83,30
6304,User6304,84,31
6305,User6305,85,32
6306,User6306,86,33
6307,User6307,87,34
6308,User6308,88,35
6309,User6309,89,36
6310,User6310,90,37
6311,User6311,91,38
6312,User6312,92,39
6313,User6313,93,40
6314,User6314,94,41
6315,User6315,95,42
6316,User6316,96,43
6317,User6317,97,44
6318,User6318,98,45
6319,User6319,99,46
6320,User6320,100,47
6321,User6321,80,48
6322,User6322,81,20
6323,User6323,82,21
6324,User6324,83,22
6325,User6325,84,23
6326,User6326,85,24
6327,User6327,86,25
6328,User6328,87,26
6329,User6329,88,27
6330,User6330,89,28
6331,User6331,90,29
6332,User6332,91,30
6333,User6333,92,31
6334,User6334,93,32
6335,User6335,94,33
6336,User6336,95,34
6337,User6337,96,35
6338,User6338,97,36
6339,User6339,98,37
6340,User6340,99,38
6341,User6341,100,39
6342,User6342,80,40
6343,User6343,81,41
6344,User6344,82,42
6345,User6345,83,43
6346,User6346,84,44
6347,User6347,85,45
6348,User6348,86,46
6349,User6349,87,47
6350,User6350,88,48
6351,User6351,89,20
6352,User6352,90,21
6353,User6353,91,22
6354,User6354,92,23
6355,User6355,93,24
6356,User6356,94,25
6357,User6357,95,26
6358,User6358,96,27
6359,User6359,97,28
6360,User6360,98,29
6361,User6361,99,30
6362,User6362,100,31
6363,User6363,80,32
6364,User6364,81,33
6365,User6365,82,34
6366,User6366,83,35
6367,User6367,84,36
6368,User6368,85,37
6369,User6369,86,38
6370,User6370,87,39
6371,User6371,88,40
6372,User6372,89,41
6373,User6373,90,42
6374,User6374,91,43
6375,User6375,92,44
6376,User6376,93,45
6377,User6377,94,46
6378,User6378,95,47
6379,User6379,96,48
6380,User6380,97,20
6381,User6381,98,21
6382,User6382,99,22
6383,User6383,100,23
6384,User6384,80,24
6385,User6385,81,25
6386,User6386,82,26
6387,User6387,83,27
6388,User6388,84,28
6389,User6389,85,29
6390,User6390,86,30
6391,User6391,87,31
6392,User6392,88,32
6393,User6393,89,33
6394,User6394,90,34
6395,User6395,91,35
6396,User6396,92,36
6397,User6397,93,37
6398,User6398,94,38
6399,User6399,95,39
6400,User6400,96,40
6401,User6401,97,41
6402,User6402,98,42
6403,User6403,99,43
6404,User6404,100,44
6405,User6405,80,45
6406,User6406,81,46
6407,User6407,82,47
6408,User6408,83,48
6409,User6409,84,20
6410,User6410,85,21
6411,User6411,86,22
6412,User6412,87,23
6413,User6413,88,24
6414,User6414,89,25
6415,User6415,90,26
6416,User6416,91,27
6417,User6417,92,28
6418,User6418,93,29
6419,User6419,94,30
6420,User6420,95,31
6421,User6421,96,32
6422,User6422,97,33
6423,User6423,98,34
6424,User6424,99,35
6425,User6425,100,36
6426,User6426,80,37
6427,User6427,81,38
6428,User6428,82,39
6429,User6429,83,40
6430,User6430,84,41
6431,User6431,85,42
6432,User6432,86,43
6433,User6433,87,44
6434,User6434,88,45
6435,User6435,89,46
6436,User6436,90,47
6437,User6437,91,48
6438,User6438,92,20
6439,User6439,93,21
6440,User6440,94,22
6441,User6441,95,23
6442,User6442,96,24
6443,User6443,97,25
6444,User6444,98,26
6445,User6445,99,27
6446,User6446,100,28
6447,User6447,80,29
6448,User6448,81,30
6449,User6449,82,31
6450,User6450,83,32
6451,User6451,84,33
6452,User6452,85,34
6453,User6453,86,35
6454,User6454,87,36
6455,User6455,88,37
6456,User6456,89,38
6457,User6457,90,39
6458,User6458,91,40
6459,User6459,92,41
6460,User6460,93,42
6461,User6461,94,43
6462,User6462,95,44
6463,User6463,96,45
6464,User6464,97,46
6465,User6465,98,47
6466,User6466,99,48
6467,User6467,100,20
6468,User6468,80,21
6469,User6469,81,22
6470,User6470,82,23
6471,User6471,83,24
6472,User6472,84,25
6473,User6473,85,26
6474,User6474,86,27
6475,User6475,87,28
6476,User6476,88,29
6477,User6477,89,30
6478,User6478,90,31
6479,User6479,91,32
6480,User6480,92,33
6481,User6481,93,34
6482,User6482,94,35
6483,User6483,95,36
6484,User6484,96,37
6485,User6485,97,38
6486,User6486,98,39
6487,User6487,99,40
6488,User6488,100,41
6489,User6489,80,42
6490,User6490,81,43
6491,User6491,82,44
6492,User6492,83,45
6493,User6493,84,46
6494,User6494,85,47
6495,User6495,86,48
6496,User6496,87,20
6497,User6497,88,21
6498,User6498,89,22
6499,User6499,90,23
6500,User6500,91,24
6501,User6501,92,25
6502,User6502,93,26
6503,User6503,94,27
6504,User6504,95,28
6505,User6505,96,29
6506,User6506,97,30
6507,User6507,98,31
6508,User6508,99,32
6509,User6509,100,33
6510,User6510,80,34
6511,User6511,81,35
6512,User6512,82,36
6513,User6513,83,37
6514,User6514,84,38
6515,User6515,85,39
6516,User6516,86,40
6517,User6517,87,41
6518,User6518,88,42
6519,User6519,89,43
6520,User6520,90,44
6521,User6521,91,45
6522,User6522,92,46
6523,User6523,93,47
6524,User6524,94,48
6525,User6525,95,20
6526,User6526,96,21
6527,User6527,97,22
6528,User6528,98,23
6529,User6529,99,24
6530,User6530,100,25
6531,User6531,80,26
6532,User6532,81,27
6533,User6533,82,28
6534,User6534,83,29
6535,User6535,84,30
6536,User6536,85,31
6537,User6537,86,32
6538,User6538,87,33
6539,User6539,88,34
6540,User6540,89,35
6541,User6541,90,36
6542,User6542,91,37
6543,User6543,92,38
6544,User6544,93,39
6545,User6545,94,40
6546,User6546,95,41
6547,User6547,96,42
6548,User6548,97,43
6549,User6549,98,44
6550,User6550,99,45
6551,User6551,100,46
6552,User6552,80,47
6553,User6553,81,48
6554,User6554,82,20
6555,User6555,83,21
6556,User6556,84,22
6557,User6557,85,23
6558,User6558,86,24
6559,User6559,87,25
6560,User6560,88,26
6561,User6561,89,27
6562,User6562,90,28
6563,User6563,91,29
6564,User6564,92,30
6565,User6565,93,31
6566,User6566,94,32
6567,User6567,95,33
6568,User6568,96,34
6569,User6569,97,35
6570,User6570,98,36
6571,User6571,99,37
6572,User6572,100,38
6573,User6573,80,39
6574,User6574,81,40
6575,User6575,82,41
6576,User6576,83,42
6577,User6577,84,43
6578,User6578,85,44
6579,User6579,86,45
6580,User6580,87,46
6581,User6581,88,47
6582,User6582,89,48
6583,User6583,90,20
6584,User6584,91,21
6585,User6585,92,22
6586,User6586,93,23
6587,User6587,94,24
6588,User6588,95,25
6589,User6589,96,26
6590,User6590,97,27
6591,User6591,98,28
6592,User6592,99,29
6593,User6593,100,30
6594,User6594,80,31
6595,User6595,81,32
6596,User6596,82,33
6597,User6597,83,34
6598,User6598,84,35
6599,User6599,85,36
6600,User6600,86,37
6601,User6601,87,38
6602,User6602,88,39
6603,User6603,89,40
6604,User6604,90,41
6605,User6605,91,42
6606,User6606,92,43
6607,User6607,93,44
6608,User6608,94,45
6609,User6609,95,46
6610,User6610,96,47
6611,User6611,97,48
6612,User6612,98,20
6613,User6613,99,21
6614,User6614,100,22
6615,User6615,80,23
6616,User6616,81,24
6617,User6617,82,25
6618,User6618,83,26
6619,User6619,84,27
6620,User6620,85,28
6621,User6621,86,29
6622,User6622,87,30
6623,User6623,88,31
6624,User6624,89,32
6625,User6625,90,33
6626,User6626,91,34
6627,User6627,92,35
6628,User6628,93,36
6629,User6629,94,37
6630,User6630,95,38
6631,User6631,96,39
6632,User6632,97,40
6633,User6633,98,41
6634,User6634,99,42
6635,User6635,100,43
6636,User6636,80,44
6637,User6637,81,45
6638,User6638,82,46
6639,User6639,83,47
6640,User6640,84,48
6641,User6641,85,20
6642,User6642,86,21
6643,User6643,87,22
6644,User6644,88,23
6645,User6645,89,24
6646,User6646,90,25
6647,User6647,91,26
6648,User6648,92,27
6649,User6649,93,28
6650,User6650,94,29
6651,User6651,95,30
6652,User6652,96,31
6653,User6653,97,32
6654,User6654,98,33
6655,User6655,99,34
6656,User6656,100,35
6657,User6657,80,36
6658,User6658,81,37
6659,User6659,82,38
6660,User6660,83,39
6661,User6661,84,40
6662,User6662,85,41
6663,User6663,86,42
6664,User6664,87,43
6665,User6665,88,44
6666,User6666,89,45
6667,User6667,90,46
6668,User6668,91,47
6669,User6669,92,48
6670,User6670,93,20
6671,User6671,94,21
6672,User6672,95,22
6673,User6673,96,23
6674,User6674,97,24
6675,User6675,98,25
6676,User6676,99,26
6677,User6677,100,27
6678,User6678,80,28
6679,User6679,81,29
6680,User6680,82,30
6681,User6681,83,31
6682,User6682,84,32
6683,User6683,85,33
6684,User6684,86,34
6685,User6685,87,35
6686,User6686,88,36
6687,User6687,89,37
6688,User6688,90,38
6689,User6689,91,39
6690,User6690,92,40
6691,User6691,93,41
6692,User6692,94,42
6693,User6693,95,43
6694,User6694,96,44
6695,User6695,97,45
6696,User6696,98,46
6697,User6697,99,47
6698,User6698,100,48
6699,User6699,80,20
6700,User6700,81,21
6701,User6701,82,22
6702,User6702,83,23
6703,User6703,84,24
6704,User6704,85,25
6705,User6705,86,26
6706,User6706,87,27
6707,User6707,88,28
6708,User6708,89,29
6709,User6709,90,30
6710,User6710,91,31
6711,User6711,92,32
6712,User6712,93,33
6713,User6713,94,34
6714,User6714,95,35
6715,User6715,96,36
6716,User6716,97,37
6717,User6717,98,38
6718,User6718,99,39
6719,User6719,100,40
6720,User6720,80,41
6721,User6721,81,42
6722,User6722,82,43
6723,User6723,83,44
6724,User6724,84,45
6725,User6725,85,46
6726,User6726,86,47
6727,User6727,87,48
6728,User6728,88,20
6729,User6729,89,21
6730,User6730,90,22
6731,User6731,91,23
6732,User6732,92,24
6733,User6733,93,25
6734,User6734,94,26
6735,User6735,95,27
6736,User6736,96,28
6737,User6737,97,29
6738,User6738,98,30
6739,User6739,99,31
6740,User6740,100,32
6741,User6741,80,33
6742,User6742,81,34
6743,User6743,82,35
6744,User6744,83,36
6745,User6745,84,37
6746,User6746,85,38
6747,User6747,86,39
6748,User6748,87,40
6749,User6749,88,41
6750,User6750,89,42
6751,User6751,90,43
6752,User6752,91,44
6753,User6753,92,45
6754,User6754,93,46
6755,User6755,94,47
6756,User6756,95,48
6757,User6757,96,20
6758,User6758,97,21
6759,User6759,98,22
6760,User6760,99,23
6761,User6761,100,24
6762,User6762,80,25
6763,User6763,81,26
6764,User6764,82,27
6765,User6765,83,28
6766,User6766,84,29
6767,User6767,85,30
6768,User6768,86,31
6769,User6769,87,32
6770,User6770,88,33
6771,User6771,89,34
6772,User6772,90,35
6773,User6773,91,36
6774,User6774,92,37
6775,User6775,93,38
6776,User6776,94,39
6777,User6777,95,40
6778,User6778,96,41
6779,User6779,97,42
6780,User6780,98,43
6781,User6781,99,44
6782,User6782,100,45
6783,User6783,80,46
6784,User6784,81,47
6785,User6785,82,48
6786,User6786,83,20
6787,User6787,84,21
6788,User6788,85,22
6789,User6789,86,23
6790,User6790,87,24
6791,User6791,88,25
6792,User6792,89,26
6793,User6793,90,27
6794,User6794,91,28
6795,User6795,92,29
6796,User6796,93,30
6797,User6797,94,31
6798,User6798,95,32
6799,User6799,96,33
6800,User6800,97,34
6801,User6801,98,35
6802,User6802,99,36
6803,User6803,100,37
6804,User6804,80,38
6805,User6805,81,39
6806,User6806,82,40
6807,User6807,83,41
6808,User6808,84,42
6809,User6809,85,43
6810,User6810,86,44
6811,User6811,87,45
6812,User6812,88,46
6813,User6813,89,47
6814,User6814,90,48
6815,User6815,91,20
6816,User6816,92,21
6817,User6817,93,22
6818,User6818,94,23
6819,User6819,95,24
6820,User6820,96,25
6821,User6821,97,26
6822,User6822,98,27
6823,User6823,99,28
6824,User6824,100,29
6825,User6825,80,30
6826,User6826,81,31
6827,User6827,82,32
6828,User6828,83,33
6829,User6829,84,34
6830,User6830,85,35
6831,User6831,86,36
6832,User6832,87,37
6833,User6833,88,38
6834,User6834,89,39
6835,User6835,90,40
6836,User6836,91,41
6837,User6837,92,42
6838,User6838,93,43
6839,User6839,94,44
6840,User6840,95,45
6841,User6841,96,46
6842,User6842,97,47
6843,User6843,98,48
6844,User6844,99,20
6845,User6845,100,21
6846,User6846,80,22
6847,User6847,81,23
6848,User6848,82,24
6849,User6849,83,25
6850,User6850,84,26
6851,User6851,85,27
6852,User6852,86,28
6853,User6853,87,29
6854,User6854,88,30
6855,User6855,89,31
6856,User6856,90,32
6857,User6857,91,33
6858,User6858,92,34
6859,User6859,93,35
6860,User6860,94,36
6861,User6861,95,37
6862,User6862,96,38
6863,User6863,97,39
6864,User6864,98,40
6865,User6865,99,41
6866,User6866,100,42
6867,User6867,80,43
6868,User6868,81,44
6869,User6869,82,45
6870,User6870,83,46
6871,User6871,84,47
6872,User6872,85,48
6873,User6873,86,20
6874,User6874,87,21
6875,User6875,88,22
6876,User6876,89,23
6877,User6877,90,24
6878,User6878,91,25
6879,User6879,92,26
6880,User6880,93,27
6881,User6881,94,28
6882,User6882,95,29
6883,User6883,96,30
6884,User6884,97,31
6885,User6885,98,32
6886,User6886,99,33
6887,User6887,100,34
6888,User6888,80,35
6889,User6889,81,36
6890,User6890,82,37
6891,User6891,83,38
6892,User6892,84,39
6893,User6893,85,40
6894,User6894,86,41
6895,User6895,87,42
6896,User6896,88,43
6897,User6897,89,44
6898,User6898,90,45
6899,User6899,91,46
6900,User6900,92,47
6901,User6901,93,48
6902,User6902,94,20
6903,User6903,95,21
6904,User6904,96,22
6905,User6905,97,23
6906,User6906,98,24
6907,User6907,99,25
6908,User6908,100,26
6909,User6909,80,27
6910,User6910,81,28
6911,User6911,82,29
6912,User6912,83,30
6913,User6913,84,31
6914,User6914,85,32
6915,User6915,86,33
6916,User6916,87,34
6917,User6917,88,35
6918,User6918,89,36
6919,User6919,90,37
6920,User6920,91,38
6921,User6921,92,39
6922,User6922,93,40
6923,User6923,94,41
6924,User6924,95,42
6925,User6925,96,43
6926,User6926,97,44
6927,User6927,98,45
6928,User6928,99,46
6929,User6929,100,47
6930,User6930,80,48
6931,User6931,81,20
6932,User6932,82,21
6933,User6933,83,22
6934,User6934,84,23
6935,User6935,85,24
6936,User6936,86,25
6937,User6937,87,26
6938,User6938,88,27
6939,User6939,89,28
6940,User6940,90,29
6941,User6941,91,30
6942,User6942,92,31
6943,User6943,93,32
6944,User6944,94,33
6945,User6945,95,34
6946,User6946,96,35
6947,User6947,97,36
6948,User6948,98,37
6949,User6949,99,38
6950,User6950,100,39
6951,User6951,80,40
6952,User6952,81,41
6953,User6953,82,42
6954,User6954,83,43
6955,User6955,84,44
6956,User6956,85,45
6957,User6957,86,46
6958,User6958,87,47
6959,User6959,88,48
6960,User6960,89,20
6961,User6961,90,21
6962,User6962,91,22
6963,User6963,92,23
6964,User6964,93,24
6965,User6965,94,25
6966,User6966,95,26
6967,User6967,96,27
6968,User6968,97,28
6969,User6969,98,29
6970,User6970,99,30
6971,User6971,100,31
6972,User6972,80,32
6973,User6973,81,33
6974,User6974,82,34
6975,User6975,83,35
6976,User6976,84,36
6977,User6977,85,37
6978,User6978,86,38
6979,User6979,87,39
6980,User6980,88,40
6981,User6981,89,41
6982,User6982,90,42
6983,User6983,91,43
6984,User6984,92,44
6985,User6985,93,45
6986,User6986,94,46
6987,User6987,95,47
6988,User6988,96,48
6989,User6989,97,20
6990,User6990,98,21
6991,User6991,99,22
6992,User6992,100,23
6993,User6993,80,24
6994,User6994,81,25
6995,User6995,82,26
6996,User6996,83,27
6997,User6997,84,28
6998,User6998,85,29
6999,User6999,86,30
7000,User7000,87,31
7001,User7001,88,32
7002,User7002,89,33
7003,User7003,90,34
7004,User7004,91,35
7005,User7005,92,36
7006,User7006,93,37
7007,User7007,94,38
7008,User7008,95,39
7009,User7009,96,40
7010,User7010,97,41
7011,User7011,98,42
7012,User7012,99,43
7013,User7013,100,44
7014,User7014,80,45
7015,User7015,81,46
7016,User7016,82,47
7017,User7017,83,48
7018,User7018,84,20
7019,User7019,85,21
7020,User7020,86,22
7021,User7021,87,23
7022,User7022,88,24
7023,User7023,89,25
7024,User7024,90,26
7025,User7025,91,27
7026,User7026,92,28
7027,User7027,93,29
7028,User7028,94,30
7029,User7029,95,31
7030,User7030,96,32
7031,User7031,97,33
7032,User7032,98,34
7033,User7033,99,35
7034,User7034,100,36
7035,User7035,80,37
7036,User7036,81,38
7037,User7037,82,39
7038,User7038,83,40
7039,User7039,84,41
7040,User7040,85,42
7041,User7041,86,43
7042,User7042,87,44
7043,User7043,88,45
7044,User7044,89,46
7045,User7045,90,47
7046,User7046,91,48
7047,User7047,92,20
7048,User7048,93,21
7049,User7049,94,22
7050,User7050,95,23
7051,User7051,96,24
7052,User7052,97,25
7053,User7053,98,26
7054,User7054,99,27
7055,User7055,100,28
7056,User7056,80,29
7057,User7057,81,30
7058,User7058,82,31
7059,User7059,83,32
7060,User7060,84,33
7061,User7061,85,34
7062,User7062,86,35
7063,User7063,87,36
7064,User7064,88,37
7065,User7065,89,38
7066,User7066,90,39
7067,User7067,91,40
7068,User7068,92,41
7069,User7069,93,42
7070,User7070,94,43
7071,User7071,95,44
7072,User7072,96,45
7073,User7073,97,46
7074,User7074,98,47
7075,User7075,99,48
7076,User7076,100,20
7077,User7077,80,21
7078,User7078,81,22
7079,User7079,82,23
7080,User7080,83,24
7081,User7081,84,25
7082,User7082,85,26
7083,User7083,86,27
7084,User7084,87,28
7085,User7085,88,29
7086,User7086,89,30
7087,User7087,90,31
7088,User7088,91,32
7089,User7089,92,33
7090,User7090,93,34
7091,User7091,94,35
7092,User7092,95,36
7093,User7093,96,37
7094,User7094,97,38
7095,User7095,98,39
7096,User7096,99,40
7097,User7097,100,41
7098,User7098,80,42
7099,User7099,81,43
7100,User7100,82,44
7101,User7101,83,45
7102,User7102,84,46
7103,User7103,85,47
7104,User7104,86,48
7105,User7105,87,20
7106,User7106,88,21
7107,User7107,89,22
7108,User7108,90,23
7109,User7109,91,24
7110,User7110,92,25
7111,User7111,93,26
7112,User7112,94,27
7113,User7113,95,28
7114,User7114,96,29
7115,User7115,97,30
7116,User7116,98,31
7117,User7117,99,32
7118,User7118,100,33
7119,User7119,80,34
7120,User7120,81,35
7121,User7121,82,36
7122,User7122,83,37
7123,User7123,84,38
7124,User7124,85,39
7125,User7125,86,40
7126,User7126,87,41
7127,User7127,88,42
7128,User7128,89,43
7129,User7129,90,44
7130,User7130,91,45
7131,User7131,92,46
7132,User7132,93,47
7133,User7133,94,48
7134,User7134,95,20
7135,User7135,96,21
7136,User7136,97,22
7137,User7137,98,23
7138,User7138,99,24
7139,User7139,100,25
7140,User7140,80,26
7141,User7141,81,27
7142,User7142,82,28
7143,User7143,83,29
7144,User7144,84,30
7145,User7145,85,31
7146,User7146,86,32
7147,User7147,87,33
7148,User7148,88,34
7149,User7149,89,35
7150,User7150,90,36
7151,User7151,91,37
7152,User7152,92,38
7153,User7153,93,39
7154,User7154,94,40
7155,User7155,95,41
7156,User7156,96,42
7157,User7157,97,43
7158,User7158,98,44
7159,User7159,99,45
7160,User7160,100,46
7161,User7161,80,47
7162,User7162,81,48
7163,User7163,82,20
7164,User7164,83,21
7165,User7165,84,22
7166,User7166,85,23
7167,User7167,86,24
7168,User7168,87,25
7169,User7169,88,26
7170,User7170,89,27
7171,User7171,90,28
7172,User7172,91,29
7173,User7173,92,30
7174,User7174,93,31
7175,User7175,94,32
7176,User7176,95,33
7177,User7177,96,34
7178,User7178,97,35
7179,User7179,98,36
7180,User7180,99,37
7181,User7181,100,38
7182,User7182,80,39
7183,User7183,81,40
7184,User7184,82,41
7185,User7185,83,42
7186,User7186,84,43
7187,User7187,85,44
7188,User7188,86,45
7189,User7189,87,46
7190,User7190,88,47
7191,User7191,89,48
7192,User7192,90,20
7193,User7193,91,21
7194,User7194,92,22
7195,User7195,93,23
7196,User7196,94,24
7197,User7197,95,25
7198,User7198,96,26
7199,User7199,97,27
7200,User7200,98,28
7201,User7201,99,29
7202,User7202,100,30
7203,User7203,80,31
7204,User7204,81,32
7205,User7205,82,33
7206,User7206,83,34
7207,User7207,84,35
7208,User7208,85,36
7209,User7209,86,37
7210,User7210,87,38
7211,User7211,88,39
7212,User7212,89,40
7213,User7213,90,41
7214,User7214,91,42
7215,User7215,92,43
7216,User7216,93,44
7217,User7217,94,45
7218,User7218,95,46
7219,User7219,96,47
7220,User7220,97,48
7221,User7221,98,20
7222,User7222,99,21
7223,User7223,100,22
7224,User7224,80,23
7225,User7225,81,24
7226,User7226,82,25
7227,User7227,83,26
7228,User7228,84,27
7229,User7229,85,28
7230,User7230,86,29
7231,User7231,87,30
7232,User7232,88,31
7233,User7233,89,32
7234,User7234,90,33
7235,User7235,91,34
7236,User7236,92,35
7237,User7237,93,36
7238,User7238,94,37
7239,User7239,95,38
7240,User7240,96,39
7241,User7241,97,40
7242,User7242,98,41
7243,User7243,99,42
7244,User7244,100,43
7245,User7245,80,44
7246,User7246,81,45
7247,User7247,82,46
7248,User7248,83,47
7249,User7249,84,48
7250,User7250,85,20
7251,User7251,86,21
7252,User7252,87,22
7253,User7253,88,23
7254,User7254,89,24
7255,User7255,90,25
7256,User7256,91,26
7257,User7257,92,27
7258,User7258,93,28
7259,User7259,94,29
7260,User7260,95,30
7261,User7261,96,31
7262,User7262,97,32
7263,User7263,98,33
7264,User7264,99,34
7265,User7265,100,35
7266,User7266,80,36
7267,User7267,81,37
7268,User7268,82,38
7269,User7269,83,39
7270,User7270,84,40
7271,User7271,85,41
7272,User7272,86,42
7273,User7273,87,43
7274,User7274,88,44
7275,User7275,89,45
7276,User7276,90,46
7277,User7277,91,47
7278,User7278,92,48
7279,User7279,93,20
7280,User7280,94,21
7281,User7281,95,22
7282,User7282,96,23
7283,User7283,97,24
7284,User7284,98,25
7285,User7285,99,26
7286,User7286,100,27
7287,User7287,80,28
7288,User7288,81,29
7289,User7289,82,30
7290,User7290,83,31
7291,User7291,84,32
7292,User7292,85,33
7293,User7293,86,34
7294,User7294,87,35
7295,User7295,88,36
7296,User7296,89,37
7297,User7297,90,38
7298,User7298,91,39
7299,User7299,92,40
7300,User7300,93,41
7301,User7301,94,42
7302,User7302,95,43
7303,User7303,96,44
7304,User7304,97,45
7305,User7305,98,46
7306,User7306,99,47
7307,User7307,100,48
7308,User7308,80,20
7309,User7309,81,21
7310,User7310,82,22
7311,User7311,83,23
7312,User7312,84,24
7313,User7313,85,25
7314,User7314,86,26
7315,User7315,87,27
7316,User7316,88,28
7317,User7317,89,29
7318,User7318,90,30
7319,User7319,91,31
7320,User7320,92,32
7321,User7321,93,33
7322,User7322,94,34
7323,User7323,95,35
7324,User7324,96,36
7325,User7325,97,37
7326,User7326,98,38
7327,User7327,99,39
7328,User7328,100,40
7329,User7329,80,41
7330,User7330,81,42
7331,User7331,82,43
7332,User7332,83,44
7333,User7333,84,45
7334,User7334,85,46
7335,User7335,86,47
7336,User7336,87,48
7337,User7337,88,20
7338,User7338,89,21
7339,User7339,90,22
7340,User7340,91,23
7341,User7341,92,24
7342,User7342,93,25
7343,User7343,94,26
7344,User7344,95,27
7345,User7345,96,28
7346,User7346,97,29
7347,User7347,98,30
7348,User7348,99,31
7349,User7349,100,32
7350,User7350,80,33
7351,User7351,81,34
7352,User7352,82,35
7353,User7353,83,36
7354,User7354,84,37
7355,User7355,85,38
7356,User7356,86,39
7357,User7357,87,40
7358,User7358,88,41
7359,User7359,89,42
7360,User7360,90,43
7361,User7361,91,44
7362,User7362,92,45
7363,User7363,93,46
7364,User7364,94,47
7365,User7365,95,48
7366,User7366,96,20
7367,User7367,97,21
7368,User7368,98,22
7369,User7369,99,23
7370,User7370,100,24
7371,User7371,80,25
7372,User7372,81,26
7373,User7373,82,27
7374,User7374,83,28
7375,User7375,84,29
7376,User7376,85,30
7377,User7377,86,31
7378,User7378,87,32
7379,User7379,88,33
7380,User7380,89,34
7381,User7381,90,35
7382,User7382,91,36
7383,User7383,92,37
7384,User7384,93,38
7385,User7385,94,39
7386,User7386,95,40
7387,User7387,96,41
7388,User7388,97,42
7389,User7389,98,43
7390,User7390,99,44
7391,User7391,100,45
7392,User7392,80,46
7393,User7393,81,47
7394,User7394,82,48
7395,User7395,83,20
7396,User7396,84,21
7397,User7397,85,22
7398,User7398,86,23
7399,User7399,87,24
7400,User7400,88,25
7401,User7401,89,26
7402,User7402,90,27
7403,User7403,91,28
7404,User7404,92,29
7405,User7405,93,30
7406,User7406,94,31
7407,User7407,95,32
7408,User7408,96,33
7409,User7409,97,34
7410,User7410,98,35
7411,User7411,99,36
7412,User7412,100,37
7413,User7413,80,38
7414,User7414,81,39
7415,User7415,82,40
7416,User7416,83,41
7417,User7417,84,42
7418,User7418,85,43
7419,User7419,86,44
7420,User7420,87,45
7421,User7421,88,46
7422,User7422,89,47
7423,User7423,90,48
7424,User7424,91,20
7425,User7425,92,21
7426,User7426,93,22
7427,User7427,94,23
7428,User7428,95,24
7429,User7429,96,25
7430,User7430,97,26
7431,User7431,98,27
7432,User7432,99,28
7433,User7433,100,29
7434,User7434,80,30
7435,User7435,81,31
7436,User7436,82,32
7437,User7437,83,33
7438,User7438,84,34
7439,User7439,85,35
7440,User7440,86,36
7441,User7441,87,37
7442,User7442,88,38
7443,User7443,89,39
7444,User7444,90,40
7445,User7445,91,41
7446,User7446,92,42
7447,User7447,93,43
7448,User7448,94,44
7449,User7449,95,45
7450,User7450,96,46
7451,User7451,97,47
7452,User7452,98,48
7453,User7453,99,20
7454,User7454,100,21
7455,User7455,80,22
7456,User7456,81,23
7457,User7457,82,24
7458,User7458,83,25
7459,User7459,84,26
7460,User7460,85,27
7461,User7461,86,28
7462,User7462,87,29
7463,User7463,88,30
7464,User7464,89,31
7465,User7465,90,32
7466,User7466,91,33
7467,User7467,92,34
7468,User7468,93,35
7469,User7469,94,36
7470,User7470,95,37
7471,User7471,96,38
7472,User7472,97,39
7473,User7473,98,40
7474,User7474,99,41
7475,User7475,100,42
7476,User7476,80,43
7477,User7477,81,44
7478,User7478,82,45
7479,User7479,83,46
7480,User7480,84,47
7481,User7481,85,48
7482,User7482,86,20
7483,User7483,87,21
7484,User7484,88,22
7485,User7485,89,23
7486,User7486,90,24
7487,User7487,91,25
7488,User7488,92,26
7489,User7489,93,27
7490,User7490,94,28
7491,User7491,95,29
7492,User7492,96,30
7493,User7493,97,31
7494,User7494,98,32
7495,User7495,99,33
7496,User7496,100,34
7497,User7497,80,35
7498,User7498,81,36
7499,User7499,82,37
7500,User7500,83,38
7501,User7501,84,39
7502,User7502,85,40
7503,User7503,86,41
7504,User7504,87,42
7505,User7505,88,43
7506,User7506,89,44
7507,User7507,90,45
7508,User7508,91,46
7509,User7509,92,47
7510,User7510,93,48
7511,User7511,94,20
7512,User7512,95,21
7513,User7513,96,22
7514,User7514,97,23
7515,User7515,98,24
7516,User7516,99,25
7517,User7517,100,26
7518,User7518,80,27
7519,User7519,81,28
7520,User7520,82,29
7521,User7521,83,30
7522,User7522,84,31
7523,User7523,85,32
7524,User7524,86,33
7525,User7525,87,34
7526,User7526,88,35
7527,User7527,89,36
7528,User7528,90,37
7529,User7529,91,38
7530,User7530,92,39
7531,User7531,93,40
7532,User7532,94,41
7533,User7533,95,42
7534,User7534,96,43
7535,User7535,97,44
7536,User7536,98,45
7537,User7537,99,46
7538,User7538,100,47
7539,User7539,80,48
7540,User7540,81,20
7541,User7541,82,21
7542,User7542,83,22
7543,User7543,84,23
7544,User7544,85,24
7545,User7545,86,25
7546,User7546,87,26
7547,User7547,88,27
7548,User7548,89,28
7549,User7549,90,29
7550,User7550,91,30
7551,User7551,92,31
7552,User7552,93,32
7553,User7553,94,33
7554,User7554,95,34
7555,User7555,96,35
7556,User7556,97,36
7557,User7557,98,37
7558,User7558,99,38
7559,User7559,100,39
7560,User7560,80,40
7561,User7561,81,41
7562,User7562,82,42
7563,User7563,83,43
7564,User7564,84,44
7565,User7565,85,45
7566,User7566,86,46
7567,User7567,87,47
7568,User7568,88,48
7569,User7569,89,20
7570,User7570,90,21
7571,User7571,91,22
7572,User7572,92,23
7573,User7573,93,24
7574,User7574,94,25
7575,User7575,95,26
7576,User7576,96,27
7577,User7577,97,28
7578,User7578,98,29
7579,User7579,99,30
7580,User7580,100,31
7581,User7581,80,32
7582,User7582,81,33
7583,User7583,82,34
7584,User7584,83,35
7585,User7585,84,36
7586,User7586,85,37
7587,User7587,86,38
7588,User7588,87,39
7589,User7589,88,40
7590,User7590,89,41
7591,User7591,90,42
7592,User7592,91,43
7593,User7593,92,44
7594,User7594,93,45
7595,User7595,94,46
7596,User7596,95,47
7597,User7597,96,48
7598,User7598,97,20
7599,User7599,98,21
7600,User7600,99,22
7601,User7601,100,23
7602,User7602,80,24
7603,User7603,81,25
7604,User7604,82,26
7605,User7605,83,27
7606,User7606,84,28
7607,User7607,85,29
7608,User7608,86,30
7609,User7609,87,31
7610,User7610,88,32
7611,User7611,89,33
7612,User7612,90,34
7613,User7613,91,35
7614,User7614,92,36
7615,User7615,93,37
7616,User7616,94,38
7617,User7617,95,39
7618,User7618,96,40
7619,User7619,97,41
7620,User7620,98,42
7621,User7621,99,43
7622,User7622,100,44
7623,User7623,80,45
7624,User7624,81,46
7625,User7625,82,47
7626,User7626,83,48
7627,User7627,84,20
7628,User7628,85,21
7629,User7629,86,22
7630,User7630,87,23
7631,User7631,88,24
7632,User7632,89,25
7633,User7633,90,26
7634,User7634,91,27
7635,User7635,92,28
7636,User7636,93,29
7637,User7637,94,30
7638,User7638,95,31
7639,User7639,96,32
7640,User7640,97,33
7641,User7641,98,34
7642,User7642,99,35
7643,User7643,100,36
7644,User7644,80,37
7645,User7645,81,38
7646,User7646,82,39
7647,User7647,83,40
7648,User7648,84,41
7649,User7649,85,42
7650,User7650,86,43
7651,User7651,87,44
7652,User7652,88,45
7653,User7653,89,46
7654,User7654,90,47
7655,User7655,91,48
7656,User7656,92,20
7657,User7657,93,21
7658,User7658,94,22
7659,User7659,95,23
7660,User7660,96,24
7661,User7661,97,25
7662,User7662,98,26
7663,User7663,99,27
7664,User7664,100,28
7665,User7665,80,29
7666,User7666,81,30
7667,User7667,82,31
7668,User7668,83,32
7669,User7669,84,33
7670,User7670,85,34
7671,User7671,86,35
7672,User7672,87,36
7673,User7673,88,37
7674,User7674,89,38
7675,User7675,90,39
7676,User7676,91,40
7677,User7677,92,41
7678,User7678,93,42
7679,User7679,94,43
7680,User7680,95,44
7681,User7681,96,45
7682,User7682,97,46
7683,User7683,98,47
7684,User7684,99,48
7685,User7685,100,20
7686,User7686,80,21
7687,User7687,81,22
7688,User7688,82,23
7689,User7689,83,24
7690,User7690,84,25
7691,User7691,85,26
7692,User7692,86,27
7693,User7693,87,28
7694,User7694,88,29
7695,User7695,89,30
7696,User7696,90,31
7697,User7697,91,32
7698,User7698,92,33
7699,User7699,93,34
7700,User7700,94,35
7701,User7701,95,36
7702,User7702,96,37
7703,User7703,97,38
7704,User7704,98,39
7705,User7705,99,40
7706,User7706,100,41
7707,User7707,80,42
7708,User7708,81,43
7709,User7709,82,44
7710,User7710,83,45
7711,User7711,84,46
7712,User7712,85,47
7713,User7713,86,48
7714,User7714,87,20
7715,User7715,88,21
7716,User7716,89,22
7717,User7717,90,23
7718,User7718,91,24
7719,User7719,92,25
7720,User7720,93,26
7721,User7721,94,27
7722,User7722,95,28
7723,User7723,96,29
7724,User7724,97,30
7725,User7725,98,31
7726,User7726,99,32
7727,User7727,100,33
7728,User7728,80,34
7729,User7729,81,35
7730,User7730,82,36
7731,User7731,83,37
7732,User7732,84,38
7733,User7733,85,39
7734,User7734,86,40
7735,User7735,87,41
7736,User7736,88,42
7737,User7737,89,43
7738,User7738,90,44
7739,User7739,91,45
7740,User7740,92,46
7741,User7741,93,47
7742,User7742,94,48
7743,User7743,95,20
7744,User7744,96,21
7745,User7745,97,22
7746,User7746,98,23
7747,User7747,99,24
7748,User7748,100,25
7749,User7749,80,26
7750,User7750,81,27
7751,User7751,82,28
7752,User7752,83,29
7753,User7753,84,30
7754,User7754,85,31
7755,User7755,86,32
7756,User7756,87,33
7757,User7757,88,34
7758,User7758,89,35
7759,User7759,90,36
7760,User7760,91,37
7761,User7761,92,38
7762,User7762,93,39
7763,User7763,94,40
7764,User7764,95,41
7765,User7765,96,42
7766,User7766,97,43
7767,User7767,98,44
7768,User7768,99,45
7769,User7769,100,46
7770,User7770,80,47
7771,User7771,81,48
7772,User7772,82,20
7773,User7773,83,21
7774,User7774,84,22
7775,User7775,85,23
7776,User7776,86,24
7777,User7777,87,25
7778,User7778,88,26
7779,User7779,89,27
7780,User7780,90,28
7781,User7781,91,29
7782,User7782,92,30
7783,User7783,93,31
7784,User7784,94,32
7785,User7785,95,33
7786,User7786,96,34
7787,User7787,97,35
7788,User7788,98,36
7789,User7789,99,37
7790,User7790,100,38
7791,User7791,80,39
7792,User7792,81,40
7793,User7793,82,41
7794,User7794,83,42
7795,User7795,84,43
7796,User7796,85,44
7797,User7797,86,45
7798,User7798,87,46
7799,User7799,88,47
7800,User7800,89,48
7801,User7801,90,20
7802,User7802,91,21
7803,User7803,92,22
7804,User7804,93,23
7805,User7805,94,24
7806,User7806,95,25
7807,User7807,96,26
7808,User7808,97,27
7809,User7809,98,28
7810,User7810,99,29
7811,User7811,100,30
7812,User7812,80,31
7813,User7813,81,32
7814,User7814,82,33
7815,User7815,83,34
7816,User7816,84,35
7817,User7817,85,36
7818,User7818,86,37
7819,User7819,87,38
7820,User7820,88,39
7821,User7821,89,40
7822,User7822,90,41
7823,User7823,91,42
7824,User7824,92,43
7825,User7825,93,44
7826,User7826,94,45
7827,User7827,95,46
7828,User7828,96,47
7829,User7829,97,48
7830,User7830,98,20
7831,User7831,99,21
7832,User7832,100,22
7833,User7833,80,23
7834,User7834,81,24
7835,User7835,82,25
7836,User7836,83,26
7837,User7837,84,27
7838,User7838,85,28
7839,User7839,86,29
7840,User7840,87,30
7841,User7841,88,31
7842,User7842,89,32
7843,User7843,90,33
7844,User7844,91,34
7845,User7845,92,35
7846,User7846,93,36
7847,User7847,94,37
7848,User7848,95,38
7849,User7849,96,39
7850,User7850,97,40
7851,User7851,98,41
7852,User7852,99,42
7853,User7853,100,43
7854,User7854,80,44
7855,User7855,81,45
7856,User7856,82,46
7857,User7857,83,47
7858,User7858,84,48
7859,User7859,85,20
7860,User7860,86,21
7861,User7861,87,22
7862,User7862,88,23
7863,User7863,89,24
7864,User7864,90,25
7865,User7865,91,26
7866,User7866,92,27
7867,User7867,93,28
7868,User7868,94,29
7869,User7869,95,30
7870,User7870,96,31
7871,User7871,97,32
7872,User7872,98,33
7873,User7873,99,34
7874,User7874,100,35
7875,User7875,80,36
7876,User7876,81,37
7877,User7877,82,38
7878,User7878,83,39
7879,User7879,84,40
7880,User7880,85,41
7881,User7881,86,42
7882,User7882,87,43
7883,User7883,88,44
7884,User7884,89,45
7885,User7885,90,46
7886,User7886,91,47
7887,User7887,92,48
7888,User7888,93,20
7889,User7889,94,21
7890,User7890,95,22
7891,User7891,96,23
7892,User7892,97,24
7893,User7893,98,25
7894,User7894,99,26
7895,User7895,100,27
7896,User7896,80,28
7897,User7897,81,29
7898,User7898,82,30
7899,User7899,83,31
7900,User7900,84,32
7901,User7901,85,33
7902,User7902,86,34
7903,User7903,87,35
7904,User7904,88,36
7905,User7905,89,37
7906,User7906,90,38
7907,User7907,91,39
7908,User7908,92,40
7909,User7909,93,41
7910,User7910,94,42
7911,User7911,95,43
7912,User7912,96,44
7913,User7913,97,45
7914,User7914,98,46
7915,User7915,99,47
7916,User7916,100,48
7917,User7917,80,20
7918,User7918,81,21
7919,User7919,82,22
7920,User7920,83,23
7921,User7921,84,24
7922,User7922,85,25
7923,User7923,86,26
7924,User7924,87,27
7925,User7925,88,28
7926,User7926,89,29
7927,User7927,90,30
7928,User7928,91,31
7929,User7929,92,32
7930,User7930,93,33
7931,User7931,94,34
7932,User7932,95,35
7933,User7933,96,36
7934,User7934,97,37
7935,User7935,98,38
7936,User7936,99,39
7937,User7937,100,40
7938,User7938,80,41
7939,User7939,81,42
7940,User7940,82,43
7941,User7941,83,44
7942,User7942,84,45
7943,User7943,85,46
7944,User7944,86,47
7945,User7945,87,48
7946,User7946,88,20
7947,User7947,89,21
7948,User7948,90,22
7949,User7949,91,23
7950,User7950,92,24
7951,User7951,93,25
7952,User7952,94,26
7953,User7953,95,27
7954,User7954,96,28
7955,User7955,97,29
7956,User7956,98,30
7957,User7957,99,31
7958,User7958,100,32
7959,User7959,80,33
7960,User7960,81,34
7961,User7961,82,35
7962,User7962,83,36
7963,User7963,84,37
7964,User7964,85,38
7965,User7965,86,39
7966,User7966,87,40
7967,User7967,88,41
7968,User7968,89,42
7969,User7969,90,43
7970,User7970,91,44
7971,User7971,92,45
7972,User7972,93,46
7973,User7973,94,47
7974,User7974,95,48
7975,User7975,96,20
7976,User7976,97,21
7977,User7977,98,22
7978,User7978,99,23
7979,User7979,100,24
7980,User7980,80,25
7981,User7981,81,26
7982,User7982,82,27
7983,User7983,83,28
7984,User7984,84,29
7985,User7985,85,30
7986,User7986,86,31
7987,User7987,87,32
7988,User7988,88,33
7989,User7989,89,34
7990,User7990,90,35
7991,User7991,91,36
7992,User7992,92,37
7993,User7993,93,38
7994,User7994,94,39
7995,User7995,95,40
7996,User7996,96,41
7997,User7997,97,42
7998,User7998,98,43
7999,User7999,99,44
8000,User8000,100,45
8001,User8001,80,46
8002,User8002,81,47
8003,User8003,82,48
8004,User8004,83,20
8005,User8005,84,21
8006,User8006,85,22
8007,User8007,86,23
8008,User8008,87,24
8009,User8009,88,25
8010,User8010,89,26
8011,User8011,90,27
8012,User8012,91,28
8013,User8013,92,29
8014,User8014,93,30
8015,User8015,94,31
8016,User8016,95,32
8017,User8017,96,33
8018,User8018,97,34
8019,User8019,98,35
8020,User8020,99,36
8021,User8021,100,37
8022,User8022,80,38
8023,User8023,81,39
8024,User8024,82,40
8025,User8025,83,41
8026,User8026,84,42
8027,User8027,85,43
8028,User8028,86,44
8029,User8029,87,45
8030,User8030,88,46
8031,User8031,89,47
8032,User8032,90,48
8033,User8033,91,20
8034,User8034,92,21
8035,User8035,93,22
8036,User8036,94,23
8037,User8037,95,24
8038,User8038,96,25
8039,User8039,97,26
8040,User8040,98,27
8041,User8041,99,28
8042,User8042,100,29
8043,User8043,80,30
8044,User8044,81,31
8045,User8045,82,32
8046,User8046,83,33
8047,User8047,84,34
8048,User8048,85,35
8049,User8049,86,36
8050,User8050,87,37
8051,User8051,88,38
8052,User8052,89,39
8053,User8053,90,40
8054,User8054,91,41
8055,User8055,92,42
8056,User8056,93,43
8057,User8057,94,44
8058,User8058,95,45
8059,User8059,96,46
8060,User8060,97,47
8061,User8061,98,48
8062,User8062,99,20
8063,User8063,100,21
8064,User8064,80,22
8065,User8065,81,23
8066,User8066,82,24
8067,User8067,83,25
8068,User8068,84,26
8069,User8069,85,27
8070,User8070,86,28
8071,User8071,87,29
8072,User8072,88,30
8073,User8073,89,31
8074,User8074,90,32
8075,User8075,91,33
8076,User8076,92,34
8077,User8077,93,35
8078,User8078,94,36
8079,User8079,95,37
8080,User8080,96,38
8081,User8081,97,39
8082,User8082,98,40
8083,User8083,99,41
8084,User8084,100,42
8085,User8085,80,43
8086,User8086,81,44
8087,User8087,82,45
8088,User8088,83,46
8089,User8089,84,47
8090,User8090,85,48
8091,User8091,86,20
8092,User8092,87,21
8093,User8093,88,22
8094,User8094,89,23
8095,User8095,90,24
8096,User8096,91,25
8097,User8097,92,26
8098,User8098,93,27
8099,User8099,94,28
8100,User8100,95,29
8101,User8101,96,30
8102,User8102,97,31
8103,User8103,98,32
8104,User8104,99,33
8105,User8105,100,34
8106,User8106,80,35
8107,User8107,81,36
8108,User8108,82,37
8109,User8109,83,38
8110,User8110,84,39
8111,User8111,85,40
8112,User8112,86,41
8113,User8113,87,42
8114,User8114,88,43
8115,User8115,89,44
8116,User8116,90,45
8117,User8117,91,46
8118,User8118,92,47
8119,User8119,93,48
8120,User8120,94,20
8121,User8121,95,21
8122,User8122,96,22
8123,User8123,97,23
8124,User8124,98,24
8125,User8125,99,25
8126,User8126,100,26
8127,User8127,80,27
8128,User8128,81,28
8129,User8129,82,29
8130,User8130,83,30
8131,User8131,84,31
8132,User8132,85,32
8133,User8133,86,33
8134,User8134,87,34
8135,User8135,88,35
8136,User8136,89,36
8137,User8137,90,37
8138,User8138,91,38
8139,User8139,92,39
8140,User8140,93,40
8141,User8141,94,41
8142,User8142,95,42
8143,User8143,96,43
8144,User8144,97,44
8145,User8145,98,45
8146,User8146,99,46
8147,User8147,100,47
8148,User8148,80,48
8149,User8149,81,20
8150,User8150,82,21
8151,User8151,83,22
8152,User8152,84,23
8153,User8153,85,24
8154,User8154,86,25
8155,User8155,87,26
8156,User8156,88,27
8157,User8157,89,28
8158,User8158,90,29
8159,User8159,91,30
8160,User8160,92,31
8161,User8161,93,32
8162,User8162,94,33
8163,User8163,95,34
8164,User8164,96,35
8165,User8165,97,36
8166,User8166,98,37
8167,User8167,99,38
8168,User8168,100,39
8169,User8169,80,40
8170,User8170,81,41
8171,User8171,82,42
8172,User8172,83,43
8173,User8173,84,44
8174,User8174,85,45
8175,User8175,86,46
8176,User8176,87,47
8177,User8177,88,48
8178,User8178,89,20
8179,User8179,90,21
8180,User8180,91,22
8181,User8181,92,23
8182,User8182,93,24
8183,User8183,94,25
8184,User8184,95,26
8185,User8185,96,27
8186,User8186,97,28
8187,User8187,98,29
8188,User8188,99,30
8189,User8189,100,31
8190,User8190,80,32
8191,User8191,81,33
8192,User8192,82,34
8193,User8193,83,35
8194,User8194,84,36
8195,User8195,85,37
8196,User8196,86,38
8197,User8197,87,39
8198,User8198,88,40
8199,User8199,89,41
8200,User8200,90,42
8201,User8201,91,43
8202,User8202,92,44
8203,User8203,93,45
8204,User8204,94,46
8205,User8205,95,47
8206,User8206,96,48
8207,User8207,97,20
8208,User8208,98,21
8209,User8209,99,22
8210,User8210,100,23
8211,User8211,80,24
8212,User8212,81,25
8213,User8213,82,26
8214,User8214,83,27
8215,User8215,84,28
8216,User8216,85,29
8217,User8217,86,30
8218,User8218,87,31
8219,User8219,88,32
8220,User8220,89,33
8221,User8221,90,34
8222,User8222,91,35
8223,User8223,92,36
8224,User8224,93,37
8225,User8225,94,38
8226,User8226,95,39
8227,User8227,96,40
8228,User8228,97,41
8229,User8229,98,42
8230,User8230,99,43
8231,User8231,100,44
8232,User8232,80,45
8233,User8233,81,46
8234,User8234,82,47
8235,User8235,83,48
8236,User8236,84,20
8237,User8237,85,21
8238,User8238,86,22
8239,User8239,87,23
8240,User8240,88,24
8241,User8241,89,25
8242,User8242,90,26
8243,User8243,91,27
8244,User8244,92,28
8245,User8245,93,29
8246,User8246,94,30
8247,User8247,95,31
8248,User8248,96,32
8249,User8249,97,33
8250,User8250,98,34
8251,User8251,99,35
8252,User8252,100,36
8253,User8253,80,37
8254,User8254,81,38
8255,User8255,82,39
8256,User8256,83,40
8257,User8257,84,41
8258,User8258,85,42
8259,User8259,86,43
8260,User8260,87,44
8261,User8261,88,45
8262,User8262,89,46
8263,User8263,90,47
8264,User8264,91,48
8265,User8265,92,20
8266,User8266,93,21
8267,User8267,94,22
8268,User8268,95,23
8269,User8269,96,24
8270,User8270,97,25
8271,User8271,98,26
8272,User8272,99,27
8273,User8273,100,28
8274,User8274,80,29
8275,User8275,81,30
8276,User8276,82,31
8277,User8277,83,32
8278,User8278,84,33
8279,User8279,85,34
8280,User8280,86,35
8281,User8281,87,36
8282,User8282,88,37
8283,User8283,89,38
8284,User8284,90,39
8285,User8285,91,40
8286,User8286,92,41
8287,User8287,93,42
8288,User8288,94,43
8289,User8289,95,44
8290,User8290,96,45
8291,User8291,97,46
8292,User8292,98,47
8293,User8293,99,48
8294,User8294,100,20
8295,User8295,80,21
8296,User8296,81,22
8297,User8297,82,23
8298,User8298,83,24
8299,User8299,84,25
8300,User8300,85,26
8301,User8301,86,27
8302,User8302,87,28
8303,User8303,88,29
8304,User8304,89,30
8305,User8305,90,31
8306,User8306,91,32
8307,User8307,92,33
8308,User8308,93,34
8309,User8309,94,35
8310,User8310,95,36
8311,User8311,96,37
8312,User8312,97,38
8313,User8313,98,39
8314,User8314,99,40
8315,User8315,100,41
8316,User8316,80,42
8317,User8317,81,43
8318,User8318,82,44
8319,User8319,83,45
8320,User8320,84,46
8321,User8321,85,47
8322,User8322,86,48
8323,User8323,87,20
8324,User8324,88,21
8325,User8325,89,22
8326,User8326,90,23
8327,User8327,91,24
8328,User8328,92,25
8329,User8329,93,26
8330,User8330,94,27
8331,User8331,95,28
8332,User8332,96,29
8333,User8333,97,30
8334,User8334,98,31
8335,User8335,99,32
8336,User8336,100,33
8337,User8337,80,34
8338,User8338,81,35
8339,User8339,82,36
8340,User8340,83,37
8341,User8341,84,38
8342,User8342,85,39
8343,User8343,86,40
8344,User8344,87,41
8345,User8345,88,42
8346,User8346,89,43
8347,User8347,90,44
8348,User8348,91,45
8349,User8349,92,46
8350,User8350,93,47
8351,User8351,94,48
8352,User8352,95,20
8353,User8353,96,21
8354,User8354,97,22
8355,User8355,98,23
8356,User8356,99,24
8357,User8357,100,25
8358,User8358,80,26
8359,User8359,81,27
8360,User8360,82,28
8361,User8361,83,29
8362,User8362,84,30
8363,User8363,85,31
8364,User8364,86,32
8365,User8365,87,33
8366,User8366,88,34
8367,User8367,89,35
8368,User8368,90,36
8369,User8369,91,37
8370,User8370,92,38
8371,User8371,93,39
8372,User8372,94,40
8373,User8373,95,41
8374,User8374,96,42
8375,User8375,97,43
8376,User8376,98,44
8377,User8377,99,45
8378,User8378,100,46
8379,User8379,80,47
8380,User8380,81,48
8381,User8381,82,20
8382,User8382,83,21
8383,User8383,84,22
8384,User8384,85,23
8385,User8385,86,24
8386,User8386,87,25
8387,User8387,88,26
8388,User8388,89,27
8389,User8389,90,28
8390,User8390,91,29
8391,User8391,92,30
8392,User8392,93,31
8393,User8393,94,32
8394,User8394,95,33
8395,User8395,96,34
8396,User8396,97,35
8397,User8397,98,36
8398,User8398,99,37
8399,User8399,100,38
8400,User8400,80,39
8401,User8401,81,40
8402,User8402,82,41
8403,User8403,83,42
8404,User8404,84,43
8405,User8405,85,44
8406,User8406,86,45
8407,User8407,87,46
8408,User8408,88,47
8409,User8409,89,48
8410,User8410,90,20
8411,User8411,91,21
8412,User8412,92,22
8413,User8413,93,23
8414,User8414,94,24
8415,User8415,95,25
8416,User8416,96,26
8417,User8417,97,27
8418,User8418,98,28
8419,User8419,99,29
8420,User8420,100,30
8421,User8421,80,31
8422,User8422,81,32
8423,User8423,82,33
8424,User8424,83,34
8425,User8425,84,35
8426,User8426,85,36
8427,User8427,86,37
8428,User8428,87,38
8429,User8429,88,39
8430,User8430,89,40
8431,User8431,90,41
8432,User8432,91,42
8433,User8433,92,43
8434,User8434,93,44
8435,User8435,94,45
8436,User8436,95,46
8437,User8437,96,47
8438,User8438,97,48
8439,User8439,98,20
8440,User8440,99,21
8441,User8441,100,22
8442,User8442,80,23
8443,User8443,81,24
8444,User8444,82,25
8445,User8445,83,26
8446,User8446,84,27
8447,User8447,85,28
8448,User8448,86,29
8449,User8449,87,30
8450,User8450,88,31
8451,User8451,89,32
8452,User8452,90,33
8453,User8453,91,34
8454,User8454,92,35
8455,User8455,93,36
8456,User8456,94,37
8457,User8457,95,38
8458,User8458,96,39
8459,User8459,97,40
8460,User8460,98,41
8461,User8461,99,42
8462,User8462,100,43
8463,User8463,80,44
8464,User8464,81,45
8465,User8465,82,46
8466,User8466,83,47
8467,User8467,84,48
8468,User8468,85,20
8469,User8469,86,21
8470,User8470,87,22
8471,User8471,88,23
8472,User8472,89,24
8473,User8473,90,25
8474,User8474,91,26
8475,User8475,92,27
8476,User8476,93,28
8477,User8477,94,29
8478,User8478,95,30
8479,User8479,96,31
8480,User8480,97,32
8481,User8481,98,33
8482,User8482,99,34
8483,User8483,100,35
8484,User8484,80,36
8485,User8485,81,37
8486,User8486,82,38
8487,User8487,83,39
8488,User8488,84,40
8489,User8489,85,41
8490,User8490,86,42
8491,User8491,87,43
8492,User8492,88,44
8493,User8493,89,45
8494,User8494,90,46
8495,User8495,91,47
8496,User8496,92,48
8497,User8497,93,20
8498,User8498,94,21
8499,User8499,95,22
8500,User8500,96,23
8501,User8501,97,24
8502,User8502,98,25
8503,User8503,99,26
8504,User8504,100,27
8505,User8505,80,28
8506,User8506,81,29
8507,User8507,82,30
8508,User8508,83,31
8509,User8509,84,32
8510,User8510,85,33
8511,User8511,86,34
8512,User8512,87,35
8513,User8513,88,36
8514,User8514,89,37
8515,User8515,90,38
8516,User8516,91,39
8517,User8517,92,40
8518,User8518,93,41
8519,User8519,94,42
8520,User8520,95,43
8521,User8521,96,44
8522,User8522,97,45
8523,User8523,98,46
8524,User8524,99,47
8525,User8525,100,48
8526,User8526,80,20
8527,User8527,81,21
8528,User8528,82,22
8529,User8529,83,23
8530,User8530,84,24
8531,User8531,85,25
8532,User8532,86,26
8533,User8533,87,27
8534,User8534,88,28
8535,User8535,89,29
8536,User8536,90,30
8537,User8537,91,31
8538,User8538,92,32
8539,User8539,93,33
8540,User8540,94,34
8541,User8541,95,35
8542,User8542,96,36
8543,User8543,97,37
8544,User8544,98,38
8545,User8545,99,39
8546,User8546,100,40
8547,User8547,80,41
8548,User8548,81,42
8549,User8549,82,43
8550,User8550,83,44
8551,User8551,84,45
8552,User8552,85,46
8553,User8553,86,47
8554,User8554,87,48
8555,User8555,88,20
8556,User8556,89,21
8557,User8557,90,22
8558,User8558,91,23
8559,User8559,92,24
8560,User8560,93,25
8561,User8561,94,26
8562,User8562,95,27
8563,User8563,96,28
8564,User8564,97,29
8565,User8565,98,30
8566,User8566,99,31
8567,User8567,100,32
8568,User8568,80,33
8569,User8569,81,34
8570,User8570,82,35
8571,User8571,83,36
8572,User8572,84,37
8573,User8573,85,38
8574,User8574,86,39
8575,User8575,87,40
8576,User8576,88,41
8577,User8577,89,42
8578,User8578,90,43
8579,User8579,91,44
8580,User8580,92,45
8581,User8581,93,46
8582,User8582,94,47
8583,User8583,95,48
8584,User8584,96,20
8585,User8585,97,21
8586,User8586,98,22
8587,User8587,99,23
8588,User8588,100,24
8589,User8589,80,25
8590,User8590,81,26
8591,User8591,82,27
8592,User8592,83,28
8593,User8593,84,29
8594,User8594,85,30
8595,User8595,86,31
8596,User8596,87,32
8597,User8597,88,33
8598,User8598,89,34
8599,User8599,90,35
8600,User8600,91,36
8601,User8601,92,37
8602,User8602,93,38
8603,User8603,94,39
8604,User8604,95,40
8605,User8605,96,41
8606,User8606,97,42
8607,User8607,98,43
8608,User8608,99,44
8609,User8609,100,45
8610,User8610,80,46
8611,User8611,81,47
8612,User8612,82,48
8613,User8613,83,20
8614,User8614,84,21
8615,User8615,85,22
8616,User8616,86,23
8617,User8617,87,24
8618,User8618,88,25
8619,User8619,89,26
8620,User8620,90,27
8621,User8621,91,28
8622,User8622,92,29
8623,User8623,93,30
8624,User8624,94,31
8625,User8625,95,32
8626,User8626,96,33
8627,User8627,97,34
8628,User8628,98,35
8629,User8629,99,36
8630,User8630,100,37
8631,User8631,80,38
8632,User8632,81,39
8633,User8633,82,40
8634,User8634,83,41
8635,User8635,84,42
8636,User8636,85,43
8637,User8637,86,44
8638,User8638,87,45
8639,User8639,88,46
8640,User8640,89,47
8641,User8641,90,48
8642,User8642,91,20
8643,User8643,92,21
8644,User8644,93,22
8645,User8645,94,23
8646,User8646,95,24
8647,User8647,96,25
8648,User8648,97,26
8649,User8649,98,27
8650,User8650,99,28
8651,User8651,100,29
8652,User8652,80,30
8653,User8653,81,31
8654,User8654,82,32
8655,User8655,83,33
8656,User8656,84,34
8657,User8657,85,35
8658,User8658,86,36
8659,User8659,87,37
8660,User8660,88,38
8661,User8661,89,39
8662,User8662,90,40
8663,User8663,91,41
8664,User8664,92,42
8665,User8665,93,43
8666,User8666,94,44
8667,User8667,95,45
8668,User8668,96,46
8669,User8669,97,47
8670,User8670,98,48
8671,User8671,99,20
8672,User8672,100,21
8673,User8673,80,22
8674,User8674,81,23
8675,User8675,82,24
8676,User8676,83,25
8677,User8677,84,26
8678,User8678,85,27
8679,User8679,86,28
8680,User8680,87,29
8681,User8681,88,30
8682,User8682,89,31
8683,User8683,90,32
8684,User8684,91,33
8685,User8685,92,34
8686,User8686,93,35
8687,User8687,94,36
8688,User8688,95,37
8689,User8689,96,38
8690,User8690,97,39
8691,User8691,98,40
8692,User8692,99,41
8693,User8693,100,42
8694,User8694,80,43
8695,User8695,81,44
8696,User8696,82,45
8697,User8697,83,46
8698,User8698,84,47
8699,User8699,85,48
8700,User8700,86,20
8701,User8701,87,21
8702,User8702,88,22
8703,User8703,89,23
8704,User8704,90,24
8705,User8705,91,25
8706,User8706,92,26
8707,User8707,93,27
8708,User8708,94,28
8709,User8709,95,29
8710,User8710,96,30
8711,User8711,97,31
8712,User8712,98,32
8713,User8713,99,33
8714,User8714,100,34
8715,User8715,80,35
8716,User8716,81,36
8717,User8717,82,37
8718,User8718,83,38
8719,User8719,84,39
8720,User8720,85,40
8721,User8721,86,41
8722,User8722,87,42
8723,User8723,88,43
8724,User8724,89,44
8725,User8725,90,45
8726,User8726,91,46
8727,User8727,92,47
8728,User8728,93,48
8729,User8729,94,20
8730,User8730,95,21
8731,User8731,96,22
8732,User8732,97,23
8733,User8733,98,24
8734,User8734,99,25
8735,User8735,100,26
8736,User8736,80,27
8737,User8737,81,28
8738,User8738,82,29
8739,User8739,83,30
8740,User8740,84,31
8741,User8741,85,32
8742,User8742,86,33
8743,User8743,87,34
8744,User8744,88,35
8745,User8745,89,36
8746,User8746,90,37
8747,User8747,91,38
8748,User8748,92,39
8749,User8749,93,40
8750,User8750,94,41
8751,User8751,95,42
8752,User8752,96,43
8753,User8753,97,44
8754,User8754,98,45
8755,User8755,99,46
8756,User8756,100,47
8757,User8757,80,48
8758,User8758,81,20
8759,User8759,82,21
8760,User8760,83,22
8761,User8761,84,23
8762,User8762,85,24
8763,User8763,86,25
8764,User8764,87,26
8765,User8765,88,27
8766,User8766,89,28
8767,User8767,90,29
8768,User8768,91,30
8769,User8769,92,31
8770,User8770,93,32
8771,User8771,94,33
8772,User8772,95,34
8773,User8773,96,35
8774,User8774,97,36
8775,User8775,98,37
8776,User8776,99,38
8777,User8777,100,39
8778,User8778,80,40
8779,User8779,81,41
8780,User8780,82,42
8781,User8781,83,43
8782,User8782,84,44
8783,User8783,85,45
8784,User8784,86,46
8785,User8785,87,47
8786,User8786,88,48
8787,User8787,89,20
8788,User8788,90,21
8789,User8789,91,22
8790,User8790,92,23
8791,User8791,93,24
8792,User8792,94,25
8793,User8793,95,26
8794,User8794,96,27
8795,User8795,97,28
8796,User8796,98,29
8797,User8797,99,30
8798,User8798,100,31
8799,User8799,80,32
8800,User8800,81,33
8801,User8801,82,34
8802,User8802,83,35
8803,User8803,84,36
8804,User8804,85,37
8805,User8805,86,38
8806,User8806,87,39
8807,User8807,88,40
8808,User8808,89,41
8809,User8809,90,42
8810,User8810,91,43
8811,User8811,92,44
8812,User8812,93,45
8813,User8813,94,46
8814,User8814,95,47
8815,User8815,96,48
8816,User8816,97,20
8817,User8817,98,21
8818,User8818,99,22
8819,User8819,100,23
8820,User8820,80,24
8821,User8821,81,25
8822,User8822,82,26
8823,User8823,83,27
8824,User8824,84,28
8825,User8825,85,29
8826,User8826,86,30
8827,User8827,87,31
8828,User8828,88,32
8829,User8829,89,33
8830,User8830,90,34
8831,User8831,91,35
8832,User8832,92,36
8833,User8833,93,37
8834,User8834,94,38
8835,User8835,95,39
8836,User8836,96,40
8837,User8837,97,41
8838,User8838,98,42
8839,User8839,99,43
8840,User8840,100,44
8841,User8841,80,45
8842,User8842,81,46
8843,User8843,82,47
8844,User8844,83,48
8845,User8845,84,20
8846,User8846,85,21
8847,User8847,86,22
8848,User8848,87,23
8849,User8849,88,24
8850,User8850,89,25
8851,User8851,90,26
8852,User8852,91,27
8853,User8853,92,28
8854,User8854,93,29
8855,User8855,94,30
8856,User8856,95,31
8857,User8857,96,32
8858,User8858,97,33
8859,User8859,98,34
8860,User8860,99,35
8861,User8861,100,36
8862,User8862,80,37
8863,User8863,81,38
8864,User8864,82,39
8865,User8865,83,40
8866,User8866,84,41
8867,User8867,85,42
8868,User8868,86,43
8869,User8869,87,44
8870,User8870,88,45
8871,User8871,89,46
8872,User8872,90,47
8873,User8873,91,48
8874,User8874,92,20
8875,User8875,93,21
8876,User8876,94,22
8877,User8877,95,23
8878,User8878,96,24
8879,User8879,97,25
8880,User8880,98,26
8881,User8881,99,27
8882,User8882,100,28
8883,User8883,80,29
8884,User8884,81,30
8885,User8885,82,31
8886,User8886,83,32
8887,User8887,84,33
8888,User8888,85,34
8889,User8889,86,35
8890,User8890,87,36
8891,User8891,88,37
8892,User8892,89,38
8893,User8893,90,39
8894,User8894,91,40
8895,User8895,92,41
8896,User8896,93,42
8897,User8897,94,43
8898,User8898,95,44
8899,User8899,96,45
8900,User8900,97,46
8901,User8901,98,47
8902,User8902,99,48
8903,User8903,100,20
8904,User8904,80,21
8905,User8905,81,22
8906,User8906,82,23
8907,User8907,83,24
8908,User8908,84,25
8909,User8909,85,26
8910,User8910,86,27
8911,User8911,87,28
8912,User8912,88,29
8913,User8913,89,30
8914,User8914,90,31
8915,User8915,91,32
8916,User8916,92,33
8917,User8917,93,34
8918,User8918,94,35
8919,User8919,95,36
8920,User8920,96,37
8921,User8921,97,38
8922,User8922,98,39
8923,User8923,99,40
8924,User8924,100,41
8925,User8925,80,42
8926,User8926,81,43
8927,User8927,82,44
8928,User8928,83,45
8929,User8929,84,46
8930,User8930,85,47
8931,User8931,86,48
8932,User8932,87,20
8933,User8933,88,21
8934,User8934,89,22
8935,User8935,90,23
8936,User8936,91,24
8937,User8937,92,25
8938,User8938,93,26
8939,User8939,94,27
8940,User8940,95,28
8941,User8941,96,29
8942,User8942,97,30
8943,User8943,98,31
8944,User8944,99,32
8945,User8945,100,33
8946,User8946,80,34
8947,User8947,81,35
8948,User8948,82,36
8949,User8949,83,37
8950,User8950,84,38
8951,User8951,85,39
8952,User8952,86,40
8953,User8953,87,41
8954,User8954,88,42
8955,User8955,89,43
8956,User8956,90,44
8957,User8957,91,45
8958,User8958,92,46
8959,User8959,93,47
8960,User8960,94,48
8961,User8961,95,20
8962,User8962,96,21
8963,User8963,97,22
8964,User8964,98,23
8965,User8965,99,24
8966,User8966,100,25
8967,User8967,80,26
8968,User8968,81,27
8969,User8969,82,28
8970,User8970,83,29
8971,User8971,84,30
8972,User8972,85,31
8973,User8973,86,32
8974,User8974,87,33
8975,User8975,88,34
8976,User8976,89,35
8977,User8977,90,36
8978,User8978,91,37
8979,User8979,92,38
8980,User8980,93,39
8981,User8981,94,40
8982,User8982,95,41
8983,User8983,96,42
8984,User8984,97,43
8985,User8985,98,44
8986,User8986,99,45
8987,User8987,100,46
8988,User8988,80,47
8989,User8989,81,48
8990,User8990,82,20
8991,User8991,83,21
8992,User8992,84,22
8993,User8993,85,23
8994,User8994,86,24
8995,User8995,87,25
8996,User8996,88,26
8997,User8997,89,27
8998,User8998,90,28
8999,User8999,91,29
9000,User9000,92,30
9001,User9001,93,31
9002,User9002,94,32
9003,User9003,95,33
9004,User9004,96,34
9005,User9005,97,35
9006,User9006,98,36
9007,User9007,99,37
9008,User9008,100,38
9009,User9009,80,39
9010,User9010,81,40
9011,User9011,82,41
9012,User9012,83,42
9013,User9013,84,43
9014,User9014,85,44
9015,User9015,86,45
9016,User9016,87,46
9017,User9017,88,47
9018,User9018,89,48
9019,User9019,90,20
9020,User9020,91,21
9021,User9021,92,22
9022,User9022,93,23
9023,User9023,94,24
9024,User9024,95,25
9025,User9025,96,26
9026,User9026,97,27
9027,User9027,98,28
9028,User9028,99,29
9029,User9029,100,30
9030,User9030,80,31
9031,User9031,81,32
9032,User9032,82,33
9033,User9033,83,34
9034,User9034,84,35
9035,User9035,85,36
9036,User9036,86,37
9037,User9037,87,38
9038,User9038,88,39
9039,User9039,89,40
9040,User9040,90,41
9041,User9041,91,42
9042,User9042,92,43
9043,User9043,93,44
9044,User9044,94,45
9045,User9045,95,46
9046,User9046,96,47
9047,User9047,97,48
9048,User9048,98,20
9049,User9049,99,21
9050,User9050,100,22
9051,User9051,80,23
9052,User9052,81,24
9053,User9053,82,25
9054,User9054,83,26
9055,User9055,84,27
9056,User9056,85,28
9057,User9057,86,29
9058,User9058,87,30
9059,User9059,88,31
9060,User9060,89,32
9061,User9061,90,33
9062,User9062,91,34
9063,User9063,92,35
9064,User9064,93,36
9065,User9065,94,37
9066,User9066,95,38
9067,User9067,96,39
9068,User9068,97,40
9069,User9069,98,41
9070,User9070,99,42
9071,User9071,100,43
9072,User9072,80,44
9073,User9073,81,45
9074,User9074,82,46
9075,User9075,83,47
9076,User9076,84,48
9077,User9077,85,20
9078,User9078,86,21
9079,User9079,87,22
9080,User9080,88,23
9081,User9081,89,24
9082,User9082,90,25
9083,User9083,91,26
9084,User9084,92,27
9085,User9085,93,28
9086,User9086,94,29
9087,User9087,95,30
9088,User9088,96,31
9089,User9089,97,32
9090,User9090,98,33
9091,User9091,99,34
9092,User9092,100,35
9093,User9093,80,36
9094,User9094,81,37
9095,User9095,82,38
9096,User9096,83,39
9097,User9097,84,40
9098,User9098,85,41
9099,User9099,86,42
9100,User9100,87,43
9101,User9101,88,44
9102,User9102,89,45
9103,User9103,90,46
9104,User9104,91,47
9105,User9105,92,48
9106,User9106,93,20
9107,User9107,94,21
9108,User9108,95,22
9109,User9109,96,23
9110,User9110,97,24
9111,User9111,98,25
9112,User9112,99,26
9113,User9113,100,27
9114,User9114,80,28
9115,User9115,81,29
9116,User9116,82,30
9117,User9117,83,31
9118,User9118,84,32
9119,User9119,85,33
9120,User9120,86,34
9121,User9121,87,35
9122,User9122,88,36
9123,User9123,89,37
9124,User9124,90,38
9125,User9125,91,39
9126,User9126,92,40
9127,User9127,93,41
9128,User9128,94,42
9129,User9129,95,43
9130,User9130,96,44
9131,User9131,97,45
9132,User9132,98,46
9133,User9133,99,47
9134,User9134,100,48
9135,User9135,80,20
9136,User9136,81,21
9137,User9137,82,22
9138,User9138,83,23
9139,User9139,84,24
9140,User9140,85,25
9141,User9141,86,26
9142,User9142,87,27
9143,User9143,88,28
9144,User9144,89,29
9145,User9145,90,30
9146,User9146,91,31
9147,User9147,92,32
9148,User9148,93,33
9149,User9149,94,34
9150,User9150,95,35
9151,User9151,96,36
9152,User9152,97,37
9153,User9153,98,38
9154,User9154,99,39
9155,User9155,100,40
9156,User9156,80,41
9157,User9157,81,42
9158,User9158,82,43
9159,User9159,83,44
9160,User9160,84,45
9161,User9161,85,46
9162,User9162,86,47
9163,User9163,87,48
9164,User9164,88,20
9165,User9165,89,21
9166,User9166,90,22
9167,User9167,91,23
9168,User9168,92,24
9169,User9169,93,25
9170,User9170,94,26
9171,User9171,95,27
9172,User9172,96,28
9173,User9173,97,29
9174,User9174,98,30
9175,User9175,99,31
9176,User9176,100,32
9177,User9177,80,33
9178,User9178,81,34
9179,User9179,82,35
9180,User9180,83,36
9181,User9181,84,37
9182,User9182,85,38
9183,User9183,86,39
9184,User9184,87,40
9185,User9185,88,41
9186,User9186,89,42
9187,User9187,90,43
9188,User9188,91,44
9189,User9189,92,45
9190,User9190,93,46
9191,User9191,94,47
9192,User9192,95,48
9193,User9193,96,20
9194,User9194,97,21
9195,User9195,98,22
9196,User9196,99,23
9197,User9197,100,24
9198,User9198,80,25
9199,User9199,81,26
9200,User9200,82,27
9201,User9201,83,28
9202,User9202,84,29
9203,User9203,85,30
9204,User9204,86,31
9205,User9205,87,32
9206,User9206,88,33
9207,User9207,89,34
9208,User9208,90,35
9209,User9209,91,36
9210,User9210,92,37
9211,User9211,93,38
9212,User9212,94,39
9213,User9213,95,40
9214,User9214,96,41
9215,User9215,97,42
9216,User9216,98,43
9217,User9217,99,44
9218,User9218,100,45
9219,User9219,80,46
9220,User9220,81,47
9221,User9221,82,48
9222,User9222,83,20
9223,User9223,84,21
9224,User9224,85,22
9225,User9225,86,23
9226,User9226,87,24
9227,User9227,88,25
9228,User9228,89,26
9229,User9229,90,27
9230,User9230,91,28
9231,User9231,92,29
9232,User9232,93,30
9233,User9233,94,31
9234,User9234,95,32
9235,User9235,96,33
9236,User9236,97,34
9237,User9237,98,35
9238,User9238,99,36
9239,User9239,100,37
9240,User9240,80,38
9241,User9241,81,39
9242,User9242,82,40
9243,User9243,83,41
9244,User9244,84,42
9245,User9245,85,43
9246,User9246,86,44
9247,User9247,87,45
9248,User9248,88,46
9249,User9249,89,47
9250,User9250,90,48
9251,User9251,91,20
9252,User9252,92,21
9253,User9253,93,22
9254,User9254,94,23
9255,User9255,95,24
9256,User9256,96,25
9257,User9257,97,26
9258,User9258,98,27
9259,User9259,99,28
9260,User9260,100,29
9261,User9261,80,30
9262,User9262,81,31
9263,User9263,82,32
9264,User9264,83,33
9265,User9265,84,34
9266,User9266,85,35
9267,User9267,86,36
9268,User9268,87,37
9269,User9269,88,38
9270,User9270,89,39
9271,User9271,90,40
9272,User9272,91,41
9273,User9273,92,42
9274,User9274,93,43
9275,User9275,94,44
9276,User9276,95,45
9277,User9277,96,46
9278,User9278,97,47
9279,User9279,98,48
9280,User9280,99,20
9281,User9281,100,21
9282,User9282,80,22
9283,User9283,81,23
9284,User9284,82,24
9285,User9285,83,25
9286,User9286,84,26
9287,User9287,85,27
9288,User9288,86,28
9289,User9289,87,29
9290,User9290,88,30
9291,User9291,89,31
9292,User9292,90,32
9293,User9293,91,33
9294,User9294,92,34
9295,User9295,93,35
9296,User9296,94,36
9297,User9297,95,37
9298,User9298,96,38
9299,User9299,97,39
9300,User9300,98,40
9301,User9301,99,41
9302,User9302,100,42
9303,User9303,80,43
9304,User9304,81,44
9305,User9305,82,45
9306,User9306,83,46
9307,User9307,84,47
9308,User9308,85,48
9309,User9309,86,20
9310,User9310,87,21
9311,User9311,88,22
9312,User9312,89,23
9313,User9313,90,24
9314,User9314,91,25
9315,User9315,92,26
9316,User9316,93,27
9317,User9317,94,28
9318,User9318,95,29
9319,User9319,96,30
9320,User9320,97,31
9321,User9321,98,32
9322,User9322,99,33
9323,User9323,100,34
9324,User9324,80,35
9325,User9325,81,36
9326,User9326,82,37
9327,User9327,83,38
9328,User9328,84,39
9329,User9329,85,40
9330,User9330,86,41
9331,User9331,87,42
9332,User9332,88,43
9333,User9333,89,44
9334,User9334,90,45
9335,User9335,91,46
9336,User9336,92,47
9337,User9337,93,48
9338,User9338,94,20
9339,User9339,95,21
9340,User9340,96,22
9341,User9341,97,23
9342,User9342,98,24
9343,User9343,99,25
9344,User9344,100,26
9345,User9345,80,27
9346,User9346,81,28
9347,User9347,82,29
9348,User9348,83,30
9349,User9349,84,31
9350,User9350,85,32
9351,User9351,86,33
9352,User9352,87,34
9353,User9353,88,35
9354,User9354,89,36
9355,User9355,90,37
9356,User9356,91,38
9357,User9357,92,39
9358,User9358,93,40
9359,User9359,94,41
9360,User9360,95,42
9361,User9361,96,43
9362,User9362,97,44
9363,User9363,98,45
9364,User9364,99,46
9365,User9365,100,47
9366,User9366,80,48
9367,User9367,81,20
9368,User9368,82,21
9369,User9369,83,22
9370,User9370,84,23
9371,User9371,85,24
9372,User9372,86,25
9373,User9373,87,26
9374,User9374,88,27
9375,User9375,89,28
9376,User9376,90,29
9377,User9377,91,30
9378,User9378,92,31
9379,User9379,93,32
9380,User9380,94,33
9381,User9381,95,34
9382,User9382,96,35
9383,User9383,97,36
9384,User9384,98,37
9385,User9385,99,38
9386,User9386,100,39
9387,User9387,80,40
9388,User9388,81,41
9389,User9389,82,42
9390,User9390,83,43
9391,User9391,84,44
9392,User9392,85,45
9393,User9393,86,46
9394,User9394,87,47
9395,User9395,88,48
9396,User9396,89,20
9397,User9397,90,21
9398,User9398,91,22
9399,User9399,92,23
9400,User9400,93,24
9401,User9401,94,25
9402,User9402,95,26
9403,User9403,96,27
9404,User9404,97,28
9405,User9405,98,29
9406,User9406,99,30
9407,User9407,100,31
9408,User9408,80,32
9409,User9409,81,33
9410,User9410,82,34
9411,User9411,83,35
9412,User9412,84,36
9413,User9413,85,37
9414,User9414,86,38
9415,User9415,87,39
9416,User9416,88,40
9417,User9417,89,41
9418,User9418,90,42
9419,User9419,91,43
9420,User9420,92,44
9421,User9421,93,45
9422,User9422,94,46
9423,User9423,95,47
9424,User9424,96,48
9425,User9425,97,20
9426,User9426,98,21
9427,User9427,99,22
9428,User9428,100,23
9429,User9429,80,24
9430,User9430,81,25
9431,User9431,82,26
9432,User9432,83,27
9433,User9433,84,28
9434,User9434,85,29
9435,User9435,86,30
9436,User9436,87,31
9437,User9437,88,32
9438,User9438,89,33
9439,User9439,90,34
9440,User9440,91,35
9441,User9441,92,36
9442,User9442,93,37
9443,User9443,94,38
9444,User9444,95,39
9445,User9445,96,40
9446,User9446,97,41
9447,User9447,98,42
9448,User9448,99,43
9449,User9449,100,44
9450,User9450,80,45
9451,User9451,81,46
9452,User9452,82,47
9453,User9453,83,48
9454,User9454,84,20
9455,User9455,85,21
9456,User9456,86,22
9457,User9457,87,23
9458,User9458,88,24
9459,User9459,89,25
9460,User9460,90,26
9461,User9461,91,27
9462,User9462,92,28
9463,User9463,93,29
9464,User9464,94,30
9465,User9465,95,31
9466,User9466,96,32
9467,User9467,97,33
9468,User9468,98,34
9469,User9469,99,35
9470,User9470,100,36
9471,User9471,80,37
9472,User9472,81,38
9473,User9473,82,39
9474,User9474,83,40
9475,User9475,84,41
9476,User9476,85,42
9477,User9477,86,43
9478,User9478,87,44
9479,User9479,88,45
9480,User9480,89,46
9481,User9481,90,47
9482,User9482,91,48
9483,User9483,92,20
9484,User9484,93,21
9485,User9485,94,22
9486,User9486,95,23
9487,User9487,96,24
9488,User9488,97,25
9489,User9489,98,26
9490,User9490,99,27
9491,User9491,100,28
9492,User9492,80,29
9493,User9493,81,30
9494,User9494,82,31
9495,User9495,83,32
9496,User9496,84,33
9497,User9497,85,34
9498,User9498,86,35
9499,User9499,87,36
9500,User9500,88,37
9501,User9501,89,38
9502,User9502,90,39
9503,User9503,91,40
9504,User9504,92,41
9505,User9505,93,42
9506,User9506,94,43
9507,User9507,95,44
9508,User9508,96,45
9509,User9509,97,46
9510,User9510,98,47
9511,User9511,99,48
9512,User9512,100,20
9513,User9513,80,21
9514,User9514,81,22
9515,User9515,82,23
9516,User9516,83,24
9517,User9517,84,25
9518,User9518,85,26
9519,User9519,86,27
9520,User9520,87,28
9521,User9521,88,29
9522,User9522,89,30
9523,User9523,90,31
9524,User9524,91,32
9525,User9525,92,33
9526,User9526,93,34
9527,User9527,94,35
9528,User9528,95,36
9529,User9529,96,37
9530,User9530,97,38
9531,User9531,98,39
9532,User9532,99,40
9533,User9533,100,41
9534,User9534,80,42
9535,User9535,81,43
9536,User9536,82,44
9537,User9537,83,45
9538,User9538,84,46
9539,User9539,85,47
9540,User9540,86,48
9541,User9541,87,20
9542,User9542,88,21
9543,User9543,89,22
9544,User9544,90,23
9545,User9545,91,24
9546,User9546,92,25
9547,User9547,93,26
9548,User9548,94,27
9549,User9549,95,28
9550,User9550,96,29
9551,User9551,97,30
9552,User9552,98,31
9553,User9553,99,32
9554,User9554,100,33
9555,User9555,80,34
9556,User9556,81,35
9557,User9557,82,36
9558,User9558,83,37
9559,User9559,84,38
9560,User9560,85,39
9561,User9561,86,40
9562,User9562,87,41
9563,User9563,88,42
9564,User9564,89,43
9565,User9565,90,44
9566,User9566,91,45
9567,User9567,92,46
9568,User9568,93,47
9569,User9569,94,48
9570,User9570,95,20
9571,User9571,96,21
9572,User9572,97,22
9573,User9573,98,23
9574,User9574,99,24
9575,User9575,100,25
9576,User9576,80,26
9577,User9577,81,27
9578,User9578,82,28
9579,User9579,83,29
9580,User9580,84,30
9581,User9581,85,31
9582,User9582,86,32
9583,User9583,87,33
9584,User9584,88,34
9585,User9585,89,35
9586,User9586,90,36
9587,User9587,91,37
9588,User9588,92,38
9589,User9589,93,39
9590,User9590,94,40
9591,User9591,95,41
9592,User9592,96,42
9593,User9593,97,43
9594,User9594,98,44
9595,User9595,99,45
9596,User9596,100,46
9597,User9597,80,47
9598,User9598,81,48
9599,User9599,82,20
9600,User9600,83,21
9601,User9601,84,22
9602,User9602,85,23
9603,User9603,86,24
9604,User9604,87,25
9605,User9605,88,26
9606,User9606,89,27
9607,User9607,90,28
9608,User9608,91,29
9609,User9609,92,30
9610,User9610,93,31
9611,User9611,94,32
9612,User9612,95,33
9613,User9613,96,34
9614,User9614,97,35
9615,User9615,98,36
9616,User9616,99,37
9617,User9617,100,38
9618,User9618,80,39
9619,User9619,81,40
9620,User9620,82,41
9621,User9621,83,42
9622,User9622,84,43
9623,User9623,85,44
9624,User9624,86,45
9625,User9625,87,46
9626,User9626,88,47
9627,User9627,89,48
9628,User9628,90,20
9629,User9629,91,21
9630,User9630,92,22
9631,User9631,93,23
9632,User9632,94,24
9633,User9633,95,25
9634,User9634,96,26
9635,User9635,97,27
9636,User9636,98,28
9637,User9637,99,29
9638,User9638,100,30
9639,User9639,80,31
9640,User9640,81,32
9641,User9641,82,33
9642,User9642,83,34
9643,User9643,84,35
9644,User9644,85,36
9645,User9645,86,37
9646,User9646,87,38
9647,User9647,88,39
9648,User9648,89,40
9649,User9649,90,41
9650,User9650,91,42
9651,User9651,92,43
9652,User9652,93,44
9653,User9653,94,45
9654,User9654,95,46
9655,User9655,96,47
9656,User9656,97,48
9657,User9657,98,20
9658,User9658,99,21
9659,User9659,100,22
9660,User9660,80,23
9661,User9661,81,24
9662,User9662,82,25
9663,User9663,83,26
9664,User9664,84,27
9665,User9665,85,28
9666,User9666,86,29
9667,User9667,87,30
9668,User9668,88,31
9669,User9669,89,32
9670,User9670,90,33
9671,User9671,91,34
9672,User9672,92,35
9673,User9673,93,36
9674,User9674,94,37
9675,User9675,95,38
9676,User9676,96,39
9677,User9677,97,40
9678,User9678,98,41
9679,User9679,99,42
9680,User9680,100,43
9681,User9681,80,44
9682,User9682,81,45
9683,User9683,82,46
9684,User9684,83,47
9685,User9685,84,48
9686,User9686,85,20
9687,User9687,86,21
9688,User9688,87,22
9689,User9689,88,23
9690,User9690,89,24
9691,User9691,90,25
9692,User9692,91,26
9693,User9693,92,27
9694,User9694,93,28
9695,User9695,94,29
9696,User9696,95,30
9697,User9697,96,31
9698,User9698,97,32
9699,User9699,98,33
9700,User9700,99,34
9701,User9701,100,35
9702,User9702,80,36
9703,User9703,81,37
9704,User9704,82,38
9705,User9705,83,39
9706,User9706,84,40
9707,User9707,85,41
9708,User9708,86,42
9709,User9709,87,43
9710,User9710,88,44
9711,User9711,89,45
9712,User9712,90,46
9713,User9713,91,47
9714,User9714,92,48
9715,User9715,93,20
9716,User9716,94,21
9717,User9717,95,22
9718,User9718,96,23
9719,User9719,97,24
9720,User9720,98,25
9721,User9721,99,26
9722,User9722,100,27
9723,User9723,80,28
9724,User9724,81,29
9725,User9725,82,30
9726,User9726,83,31
9727,User9727,84,32
9728,User9728,85,33
9729,User9729,86,34
9730,User9730,87,35
9731,User9731,88,36
9732,User9732,89,37
9733,User9733,90,38
9734,User9734,91,39
9735,User9735,92,40
9736,User9736,93,41
9737,User9737,94,42
9738,User9738,95,43
9739,User9739,96,44
9740,User9740,97,45
9741,User9741,98,46
9742,User9742,99,47
9743,User9743,100,48
9744,User9744,80,20
9745,User9745,81,21
9746,User9746,82,22
9747,User9747,83,23
9748,User9748,84,24
9749,User9749,85,25
9750,User9750,86,26
9751,User9751,87,27
9752,User9752,88,28
9753,User9753,89,29
9754,User9754,90,30
9755,User9755,91,31
9756,User9756,92,32
9757,User9757,93,33
9758,User9758,94,34
9759,User9759,95,35
9760,User9760,96,36
9761,User9761,97,37
9762,User9762,98,38
9763,User9763,99,39
9764,User9764,100,40
9765,User9765,80,41
9766,User9766,81,42
9767,User9767,82,43
9768,User9768,83,44
9769,User9769,84,45
9770,User9770,85,46
9771,User9771,86,47
9772,User9772,87,48
9773,User9773,88,20
9774,User9774,89,21
9775,User9775,90,22
9776,User9776,91,23
9777,User9777,92,24
9778,User9778,93,25
9779,User9779,94,26
9780,User9780,95,27
9781,User9781,96,28
9782,User9782,97,29
9783,User9783,98,30
9784,User9784,99,31
9785,User9785,100,32
9786,User9786,80,33
9787,User9787,81,34
9788,User9788,82,35
9789,User9789,83,36
9790,User9790,84,37
9791,User9791,85,38
9792,User9792,86,39
9793,User9793,87,40
9794,User9794,88,41
9795,User9795,89,42
9796,User9796,90,43
9797,User9797,91,44
9798,User9798,92,45
9799,User9799,93,46
9800,User9800,94,47
9801,User9801,95,48
9802,User9802,96,20
9803,User9803,97,21
9804,User9804,98,22
9805,User9805,99,23
9806,User9806,100,24
9807,User9807,80,25
9808,User9808,81,26
9809,User9809,82,27
9810,User9810,83,28
9811,User9811,84,29
9812,User9812,85,30
9813,User9813,86,31
9814,User9814,87,32
9815,User9815,88,33
9816,User9816,89,34
9817,User9817,90,35
9818,User9818,91,36
9819,User9819,92,37
9820,User9820,93,38
9821,User9821,94,39
9822,User9822,95,40
9823,User9823,96,41
9824,User9824,97,42
9825,User9825,98,43
9826,User9826,99,44
9827,User9827,100,45
9828,User9828,80,46
9829,User9829,81,47
9830,User9830,82,48
9831,User9831,83,20
9832,User9832,84,21
9833,User9833,85,22
9834,User9834,86,23
9835,User9835,87,24
9836,User9836,88,25
9837,User9837,89,26
9838,User9838,90,27
9839,User9839,91,28
9840,User9840,92,29
9841,User9841,93,30
9842,User9842,94,31
9843,User9843,95,32
9844,User9844,96,33
9845,User9845,97,34
9846,User9846,98,35
9847,User9847,99,36
9848,User9848,100,37
9849,User9849,80,38
9850,User9850,81,39
9851,User9851,82,40
9852,User9852,83,41
9853,User9853,84,42
9854,User9854,85,43
9855,User9855,86,44
9856,User9856,87,45
9857,User9857,88,46
9858,User9858,89,47
9859,User9859,90,48
9860,User9860,91,20
9861,User9861,92,21
9862,User9862,93,22
9863,User9863,94,23
9864,User9864,95,24
9865,User9865,96,25
9866,User9866,97,26
9867,User9867,98,27
9868,User9868,99,28
9869,User9869,100,29
9870,User9870,80,30
9871,User9871,81,31
9872,User9872,82,32
9873,User9873,83,33
9874,User9874,84,34
9875,User9875,85,35
9876,User9876,86,36
9877,User9877,87,37
9878,User9878,88,38
9879,User9879,89,39
9880,User9880,90,40
9881,User9881,91,41
9882,User9882,92,42
9883,User9883,93,43
9884,User9884,94,44
9885,User9885,95,45
9886,User9886,96,46
9887,User9887,97,47
9888,User9888,98,48
9889,User9889,99,20
9890,User9890,100,21
9891,User9891,80,22
9892,User9892,81,23
9893,User9893,82,24
9894,User9894,83,25
9895,User9895,84,26
9896,User9896,85,27
9897,User9897,86,28
9898,User9898,87,29
9899,User9899,88,30
9900,User9900,89,31
9901,User9901,90,32
9902,User9902,91,33
9903,User9903,92,34
9904,User9904,93,35
9905,User9905,94,36
9906,User9906,95,37
9907,User9907,96,38
9908,User9908,97,39
9909,User9909,98,40
9910,User9910,99,41
9911,User9911,100,42
9912,User9912,80,43
9913,User9913,81,44
9914,User9914,82,45
9915,User9915,83,46
9916,User9916,84,47
9917,User9917,85,48
9918,User9918,86,20
9919,User9919,87,21
9920,User9920,88,22
9921,User9921,89,23
9922,User9922,90,24
9923,User9923,91,25
9924,User9924,92,26
9925,User9925,93,27
9926,User9926,94,28
9927,User9927,95,29
9928,User9928,96,30
9929,User9929,97,31
9930,User9930,98,32
9931,User9931,99,33
9932,User9932,100,34
9933,User9933,80,35
9934,User9934,81,36
9935,User9935,82,37
9936,User9936,83,38
9937,User9937,84,39
9938,User9938,85,40
9939,User9939,86,41
9940,User9940,87,42
9941,User9941,88,43
9942,User9942,89,44
9943,User9943,90,45
9944,User9944,91,46
9945,User9945,92,47
9946,User9946,93,48
9947,User9947,94,20
9948,User9948,95,21
9949,User9949,96,22
9950,User9950,97,23
9951,User9951,98,24
9952,User9952,99,25
9953,User9953,100,26
9954,User9954,80,27
9955,User9955,81,28
9956,User9956,82,29
9957,User9957,83,30
9958,User9958,84,31
9959,User9959,85,32
9960,User9960,86,33
9961,User9961,87,34
9962,User9962,88,35
9963,User9963,89,36
9964,User9964,90,37
9965,User9965,91,38
9966,User9966,92,39
9967,User9967,93,40
9968,User9968,94,41
9969,User9969,95,42
9970,User9970,96,43
9971,User9971,97,44
9972,User9972,98,45
9973,User9973,99,46
9974,User9974,100,47
9975,User9975,80,48
9976,User9976,81,20
9977,User9977,82,21
9978,User9978,83,22
9979,User9979,84,23
9980,User9980,85,24
9981,User9981,86,25
9982,User9982,87,26
9983,User9983,88,27
9984,User9984,89,28
9985,User9985,90,29
9986,User9986,91,30
9987,User9987,92,31
9988,User9988,93,32
9989,User9989,94,33
9990,User9990,95,34
9991,User9991,96,35
9992,User9992,97,36
9993,User9993,98,37
9994,User9994,99,38
9995,User9995,100,39
9996,User9996,80,40
9997,User9997,81,41
9998,User9998,82,42
9999,User9999,83,43
10000,User10000,84,44
10001,User10001,85,45
10002,User10002,86,46
10003,User10003,87,47
10004,User10004,88,48
10005,User10005,89,20
10006,User10006,90,21
10007,User10007,91,22
10008,User10008,92,23
10009,User10009,93,24
10010,User10010,94,25
10011,User10011,95,26
10012,User10012,96,27
10013,User10013,97,28
10014,User10014,98,29
10015,User10015,99,30
10016,User10016,100,31
10017,User10017,80,32
10018,User10018,81,33
10019,User10019,82,34
10020,User10020,83,35
10021,User10021,84,36
10022,User10022,85,37
10023,User10023,86,38
10024,User10024,87,39
10025,User10025,88,40
10026,User10026,89,41
10027,User10027,90,42
10028,User10028,91,43
10029,User10029,92,44
10030,User10030,93,45
10031,User10031,94,46
10032,User10032,95,47
10033,User10033,96,48
10034,User10034,97,20
10035,User10035,98,21
10036,User10036,99,22
10037,User10037,100,23
10038,User10038,80,24
10039,User10039,81,25
10040,User10040,82,26
10041,User10041,83,27
10042,User10042,84,28
10043,User10043,85,29
10044,User10044,86,30
10045,User10045,87,31
10046,User10046,88,32
10047,User10047,89,33
10048,User10048,90,34
10049,User10049,91,35
10050,User10050,92,36
10051,User10051,93,37
10052,User10052,94,38
10053,User10053,95,39
10054,User10054,96,40
10055,User10055,97,41
10056,User10056,98,42
10057,User10057,99,43
10058,User10058,100,44
10059,User10059,80,45
10060,User10060,81,46
10061,User10061,82,47
10062,User10062,83,48
10063,User10063,84,20
10064,User10064,85,21
10065,User10065,86,22
10066,User10066,87,23
10067,User10067,88,24
10068,User10068,89,25
10069,User10069,90,26
10070,User10070,91,27
10071,User10071,92,28
10072,User10072,93,29
10073,User10073,94,30
10074,User10074,95,31
10075,User10075,96,32
10076,User10076,97,33
10077,User10077,98,34
10078,User10078,99,35
10079,User10079,100,36
10080,User10080,80,37
10081,User10081,81,38
10082,User10082,82,39
10083,User10083,83,40
10084,User10084,84,41
10085,User10085,85,42
10086,User10086,86,43
10087,User10087,87,44
10088,User10088,88,45
10089,User10089,89,46
10090,User10090,90,47
10091,User10091,91,48
10092,User10092,92,20
10093,User10093,93,21
10094,User10094,94,22
10095,User10095,95,23
10096,User10096,96,24
10097,User10097,97,25
10098,User10098,98,26
10099,User10099,99,27